Country Name,Country Code,Indicator Name,Indicator Code,1960,1961,1962,1963,1964,1965,1966,1967,1968,1969,1970,1971,1972,1973,1974,1975,1976,1977,1978,1979,1980,1981,1982,1983,1984,1985,1986,1987,1988,1989,1990,1991,1992,1993,1994,1995,1996,1997,1998,1999,2000,2001,2002,2003,2004,2005,2006,2007,2008,2009,2010,2011,2012,2013,2014,2015,2016,2017,2018,2019,2020
Aruba,ABW,Market capitalization of listed domestic companies (current US$),CM.MKT.LCAP.CD,,,,,,,,,,,,,,,,,,,,,,,,,,,,,,,,,,,,,,,,,,,,,,,,,,,,,,,,,,,,,
Africa Eastern and Southern,AFE,Market capitalization of listed domestic companies (current US$),CM.MKT.LCAP.CD,,,,,,,,,,,,,,,,,,,,,,,,,,,,,,,,,,2.20555E+11,2.66377E+11,2.84228E+11,2.49978E+11,2.3724E+11,1.74805E+11,2.65981E+11,2.08384E+11,1.50471E+11,,,4.50494E+11,,,,,,,,,,,,,,,,
Afghanistan,AFG,Market capitalization of listed domestic companies (current US$),CM.MKT.LCAP.CD,,,,,,,,,,,,,,,,,,,,,,,,,,,,,,,,,,,,,,,,,,,,,,,,,,,,,,,,,,,,,
Africa Western and Central,AFW,Market capitalization of listed domestic companies (current US$),CM.MKT.LCAP.CD,,,,,,,,,,,,,,,,,,,,,,,,,,,,,,,,,,,,,,,,,,,4038650000,,,25186410000,37745770000,95601030000,57994450000,40774750000,60652210000,48414500000,,92428750000,74476710000,62466910000,,,,,73147850000
Angola,AGO,Market capitalization of listed domestic companies (current US$),CM.MKT.LCAP.CD,,,,,,,,,,,,,,,,,,,,,,,,,,,,,,,,,,,,,,,,,,,,,,,,,,,,,,,,,,,,,
Albania,ALB,Market capitalization of listed domestic companies (current US$),CM.MKT.LCAP.CD,,,,,,,,,,,,,,,,,,,,,,,,,,,,,,,,,,,,,,,,,,,,,,,,,,,,,,,,,,,,,
Andorra,AND,Market capitalization of listed domestic companies (current US$),CM.MKT.LCAP.CD,,,,,,,,,,,,,,,,,,,,,,,,,,,,,,,,,,,,,,,,,,,,,,,,,,,,,,,,,,,,,
Arab World,ARB,Market capitalization of listed domestic companies (current US$),CM.MKT.LCAP.CD,,,,,,,,,,,,,,,,,,,,,,,,,,,,,,,,,,,,,,,,,,,,,,,,,,,7.43474E+11,6.33862E+11,6.55728E+11,1.00095E+12,1.10229E+12,1.06623E+12,9.99401E+11,1.01932E+12,1.07936E+12,3.12648E+12,3.18026E+12
United Arab Emirates,ARE,Market capitalization of listed domestic companies (current US$),CM.MKT.LCAP.CD,,,,,,,,,,,,,,,,,,,,,,,,,,,,,,,,,,,,,,,,,,,,,,,,1.26205E+11,1.07354E+11,1.38244E+11,1.31491E+11,93726650000,1.01328E+11,1.80325E+11,2.01599E+11,1.95874E+11,2.13213E+11,2.32104E+11,2.31377E+11,2.46819E+11,2.94832E+11
Argentina,ARG,Market capitalization of listed domestic companies (current US$),CM.MKT.LCAP.CD,,,,,,,,,,,,,,,,,,832500000,1795400000,4319860000,3954900000,1396230000,972900000,1386290000,1170700000,2035830000,1590930000,1418130000,2552540000,3197870000,3615300000,18639700000,18623100000,44055310000,36867200000,37783780000,44692350000,59251850000,45332800000,55847580000,45839340000,33384000000,16571000000,34994620000,40593870000,47590300000,51240130000,57070160000,39850360000,45744930000,63909790000,43579790000,34254750000,53104790000,60142040000,56134630000,63601116144,1.0874E+11,45986050000,39393540000,
Armenia,ARM,Market capitalization of listed domestic companies (current US$),CM.MKT.LCAP.CD,,,,,,,,,,,,,,,,,,,,,,,,,,,,,,,,,,,,,,,,,,,,,,,,,,,,,,,,,,,,,
American Samoa,ASM,Market capitalization of listed domestic companies (current US$),CM.MKT.LCAP.CD,,,,,,,,,,,,,,,,,,,,,,,,,,,,,,,,,,,,,,,,,,,,,,,,,,,,,,,,,,,,,
Antigua and Barbuda,ATG,Market capitalization of listed domestic companies (current US$),CM.MKT.LCAP.CD,,,,,,,,,,,,,,,,,,,,,,,,,,,,,,,,,,,,,,,,,,,,,,,,,,,,,,,,,,,,,
Australia,AUS,Market capitalization of listed domestic companies (current US$),CM.MKT.LCAP.CD,,,,,,,,,,,,,,,,,,,,38945170000,59668510000,54379650000,41525790000,54036060000,49939570000,59400110000,1.193E+11,1.54351E+11,1.37644E+11,1.40354E+11,1.07936E+11,1.44823E+11,1.35153E+11,2.04463E+11,2.18865E+11,2.45218E+11,3.12477E+11,2.95766E+11,3.28928E+11,4.27835E+11,3.72794E+11,3.75131E+11,3.80087E+11,5.8553E+11,7.76403E+11,8.04015E+11,1.09586E+12,1.29832E+12,6.83872E+11,1.26191E+12,1.45449E+12,1.19819E+12,1.38687E+12,1.36596E+12,1.28871E+12,1.18708E+12,1.26849E+12,1.50846E+12,1.2628E+12,1.4876E+12,1.72056E+12
Austria,AUT,Market capitalization of listed domestic companies (current US$),CM.MKT.LCAP.CD,,,,,,,,,,,,,,,,1300010000,1500040000,1489940000,17449440000,2080280000,1956010000,1583630000,1509680000,1528150000,1485690000,4601560000,6656370000,7938680000,10030320000,24262550000,26319750000,24231900000,19749700000,26238140000,28819770000,30617340000,31914600000,36820060000,2600180000,33022950000,29935220000,25204350000,33578130000,56522450000,87776270000,1.26251E+11,1.9277E+11,2.36448E+11,76288700000,1.14076E+11,1.26032E+11,85269520000,1.06037E+11,1.17671E+11,96790330000,96079380000,1.20977E+11,1.50646E+11,1.16802E+11,1.33098E+11,1.32083E+11
Azerbaijan,AZE,Market capitalization of listed domestic companies (current US$),CM.MKT.LCAP.CD,,,,,,,,,,,,,,,,,,,,,,,,,,,,,,,,,,,,,,,3040000,3220000,,,,,,,,,,,,,,,,,,,,,
Burundi,BDI,Market capitalization of listed domestic companies (current US$),CM.MKT.LCAP.CD,,,,,,,,,,,,,,,,,,,,,,,,,,,,,,,,,,,,,,,,,,,,,,,,,,,,,,,,,,,,,
Belgium,BEL,Market capitalization of listed domestic companies (current US$),CM.MKT.LCAP.CD,,,,,,,,,,,,,,,,9000100000,9400050000,10291330000,12507160000,13734380000,10033090000,8369180000,8565170000,10779010000,12342040000,20871330000,37336820000,41648090000,58786050000,74876060000,65449090000,71113600000,64104900000,77975730000,84124970000,1.01422E+11,1.18802E+11,1.36934E+11,2.44038E+11,1.84136E+11,1.82481E+11,1.65843E+11,1.27557E+11,1.73553E+11,2.73247E+11,2.88481E+11,3.96168E+11,3.85553E+11,1.67218E+11,2.59769E+11,2.68726E+11,2.29321E+11,2.99517E+11,3.74326E+11,3.78526E+11,4.14556E+11,3.78144E+11,4.37794E+11,3.21094E+11,,
Benin,BEN,Market capitalization of listed domestic companies (current US$),CM.MKT.LCAP.CD,,,,,,,,,,,,,,,,,,,,,,,,,,,,,,,,,,,,,,,,,,,,,,,,,,,,,,,,,,,,,
Burkina Faso,BFA,Market capitalization of listed domestic companies (current US$),CM.MKT.LCAP.CD,,,,,,,,,,,,,,,,,,,,,,,,,,,,,,,,,,,,,,,,,,,,,,,,,,,,,,,,,,,,,
Bangladesh,BGD,Market capitalization of listed domestic companies (current US$),CM.MKT.LCAP.CD,,,,,,,,,,,,,,,,,,,,,,,,,,,,,,,,,,464100000,1019900000,1926220000,7381510000,2770310000,2029540000,1561590000,2192180000,978300000,14892060000,,,3299610000,3850310000,8732760000,11721070000,20928930000,41616870000,47699530000,,51158550000,68457910000,65484860000,70419424536,86178750000,77390500000,64416510000,89773660000
Bulgaria,BGR,Market capitalization of listed domestic companies (current US$),CM.MKT.LCAP.CD,,,,,,,,,,,,,,,,,,,,,,,,,,,,,,,,,,12000000,48300000,58140000,5600000,,144320000,102490000,129090000,82200000,721640000,1755120000,2803950000,5085620000,10324970000,21667660000,8880420000,8653170000,7376360000,8253250000,,,,,,,,16000060000,17710500000
Bahrain,BHR,Market capitalization of listed domestic companies (current US$),CM.MKT.LCAP.CD,,,,,,,,,,,,,,,,,,,,,,,,,,,,,,,,,,,,,4711490000,7833200000,6769230000,7158840000,6624350000,6599500000,7484060265,9626790000,13540850000,17364820000,21122390000,27088350000,19947350000,16262630000,20059730000,16589950000,,,22067530000,19251070000,19394198865,21706180000,21862700000,26882280000,24608090000
"Bahamas, The",BHS,Market capitalization of listed domestic companies (current US$),CM.MKT.LCAP.CD,,,,,,,,,,,,,,,,,,,,,,,,,,,,,,,,,,,,,,,,,,,,,,,,,,,,,,,,,,,,,
Bosnia and Herzegovina,BIH,Market capitalization of listed domestic companies (current US$),CM.MKT.LCAP.CD,,,,,,,,,,,,,,,,,,,,,,,,,,,,,,,,,,,,,,,,,,,,,,,,,,,,,,,,,,,,,
Belarus,BLR,Market capitalization of listed domestic companies (current US$),CM.MKT.LCAP.CD,,,,,,,,,,,,,,,,,,,,,,,,,,,,,,,,,,,,,,,,,,,,,,,,,,,,,,,574810000,534010000,1238750000,,,,
Belize,BLZ,Market capitalization of listed domestic companies (current US$),CM.MKT.LCAP.CD,,,,,,,,,,,,,,,,,,,,,,,,,,,,,,,,,,,,,,,,,,,,,,,,,,,,,,,,,,,,,
Bermuda,BMU,Market capitalization of listed domestic companies (current US$),CM.MKT.LCAP.CD,,,,,,,,,,,,,,,,,,,,,,,,,,,,,,,,,,,,,,,,,2146000000,2558000000,2153000000,2900700000,1849440000,2124780000,2703530000,2731110000,1912330000,1360190000,1534950000,1232340000,1486900000,1467000000,1601480000,1850000000,2521628651,2718790000,2393200000,2965300000,220400000
Bolivia,BOL,Market capitalization of listed domestic companies (current US$),CM.MKT.LCAP.CD,,,,,,,,,,,,,,,,,,,,,,,,,,,,,,,,,,,,,,,,,,,,,,,,,,,,,,,,,,,,,
Brazil,BRA,Market capitalization of listed domestic companies (current US$),CM.MKT.LCAP.CD,,,,,,,,,,,,,,,,,,,,,,,,,,,,,,,,,,,,,,,,,2.26152E+11,1.86238E+11,1.26762E+11,2.3456E+11,3.30347E+11,4.74647E+11,7.10247E+11,1.36971E+12,5.91966E+11,1.33725E+12,1.54557E+12,1.22894E+12,1.22745E+12,1.02046E+12,8.43894E+11,4.90534E+11,7.58559E+11,9.54715E+11,9.16824E+11,1.18736E+12,9.88374E+11
Barbados,BRB,Market capitalization of listed domestic companies (current US$),CM.MKT.LCAP.CD,,,,,,,,,,,,,,,,,,,,,,,,,,,,,,,,,,326900000,515100000,491620000,765740000,1135000000,1753490000,2036020000,1706530000,1837300000,,,,,,,,,2186550000,4567520000,,3985460000,2683590000,2949090000,3096520000,3350920000,3541580000,3398000000,2780430000
Brunei Darussalam,BRN,Market capitalization of listed domestic companies (current US$),CM.MKT.LCAP.CD,,,,,,,,,,,,,,,,,,,,,,,,,,,,,,,,,,,,,,,,,,,,,,,,,,,,,,,,,,,,,
Bhutan,BTN,Market capitalization of listed domestic companies (current US$),CM.MKT.LCAP.CD,,,,,,,,,,,,,,,,,,,,,,,,,,,,,,,,,,,,,,,,,,,,,,,,,,,,,,,,,,,,,
Botswana,BWA,Market capitalization of listed domestic companies (current US$),CM.MKT.LCAP.CD,,,,,,,,,,,,,,,,,,,,,,,,,,,,,,,,,,228600000,265300000,397580000,328380000,613190000,723960000,1051980000,977610000,,,,,,,,,,,,,,,,,,,,
Central African Republic,CAF,Market capitalization of listed domestic companies (current US$),CM.MKT.LCAP.CD,,,,,,,,,,,,,,,,,,,,,,,,,,,,,,,,,,,,,,,,,,,,,,,,,,,,,,,,,,,,,
Canada,CAN,Market capitalization of listed domestic companies (current US$),CM.MKT.LCAP.CD,,,,,,,,,,,,,,,,,,1.73942E+11,1.7969E+11,2.38944E+11,2.85707E+11,,2.07093E+11,2.57634E+11,2.46632E+11,2.9288E+11,3.36896E+11,4.05601E+11,4.46806E+11,5.43397E+11,4.58679E+11,5.08633E+11,4.5795E+11,5.95516E+11,5.75716E+11,6.71743E+11,8.79798E+11,1.01051E+12,1.08193E+12,1.44828E+12,7.70842E+11,6.15266E+11,8.88678E+11,9.10231E+11,1.17752E+12,1.48218E+12,1.70071E+12,2.18655E+12,1.03365E+12,1.67743E+12,2.17119E+12,1.91287E+12,2.05997E+12,2.11382E+12,2.09542E+12,1.5934E+12,1.99352E+12,2.36706E+12,1.9379E+12,2.4091E+12,2.64145E+12
Central Europe and the Baltics,CEB,Market capitalization of listed domestic companies (current US$),CM.MKT.LCAP.CD,,,,,,,,,,,,,,,,,,,,,,,,,,,,,,,,,,,,15902090000,26818810000,30419990000,37956660000,46398740000,47798880000,42484340000,69450720000,88903730000,1.62833E+11,2.05709E+11,3.20734E+11,4.85032E+11,2.1853E+11,2.46576E+11,2.79183E+11,2.13609E+11,,2.83143E+11,2.38729E+11,1.98445E+11,2.0476E+11,2.85651E+11,2.38046E+11,2.8331E+11,3.05995E+11
Switzerland,CHE,Market capitalization of listed domestic companies (current US$),CM.MKT.LCAP.CD,,,,,,,,,,,,,,,,16469560000,20899900000,29858100000,38052230000,43569560000,42730940000,38347160000,38745600000,44081170000,40077370000,84104980000,1.28648E+11,1.29706E+11,1.40342E+11,1.70936E+11,1.57635E+11,1.89678E+11,1.94138E+11,2.70879E+11,2.84977E+11,3.98102E+11,4.00285E+11,5.75339E+11,6.89199E+11,6.78232E+11,7.92316E+11,5.27356E+11,6.12667E+11,7.27103E+11,8.29098E+11,9.38698E+11,1.21253E+12,1.27466E+12,8.80334E+11,1.06469E+12,1.22936E+12,1.08952E+12,1.23344E+12,1.5407E+12,1.49531E+12,1.51932E+12,1.40336E+12,1.6865E+12,1.44116E+12,1.83445E+12,2.0016E+12
Channel Islands,CHI,Market capitalization of listed domestic companies (current US$),CM.MKT.LCAP.CD,,,,,,,,,,,,,,,,,,,,,,,,,,,,,,,,,,,,,,,159150000,247360000,255080000,454100000,265840000,227350000,184300000,537340000,1479740000,,,,,,,,,,,,,,
Chile,CHL,Market capitalization of listed domestic companies (current US$),CM.MKT.LCAP.CD,,,,,,,,,,,,,,,,,,,,,,,,,,,,,,,,28138400000,32256800000,44833400000,68050350000,72927720000,65971300000,72046180000,51866170000,68227520000,60400770000,56309720000,49827000000,86525910000,1.16924E+11,1.36493E+11,1.74419E+11,2.1291E+11,1.31808E+11,2.30732E+11,3.41799E+11,2.70289E+11,3.13325E+11,2.6515E+11,2.33245E+11,1.90352E+11,2.1248E+11,2.94676E+11,2.5074E+11,2.03792E+11,1.84549E+11
China,CHN,Market capitalization of listed domestic companies (current US$),CM.MKT.LCAP.CD,,,,,,,,,,,,,,,,,,,,,,,,,,,,,,,,,,,,,,,,,,,,5.12979E+11,4.4772E+11,4.01852E+11,1.14545E+12,4.47887E+12,1.77878E+12,3.57315E+12,4.02784E+12,3.41211E+12,3.69738E+12,3.94914E+12,6.00495E+12,8.18802E+12,7.32074E+12,8.71127E+12,6.32488E+12,8.5155E+12,1.22145E+13
Cote d'Ivoire,CIV,Market capitalization of listed domestic companies (current US$),CM.MKT.LCAP.CD,,,,,,,,,,,,,,,,,,,,,,,,,,,,,,,,,,332300000,19530000,62490000,62090000,,1825250000,1293420000,436330000,984230000,1314710000,1650110000,2082660000,2332410000,4155260000,8305170000,7087790000,6124330000,7158120000,6287600000,,11818850000,11710400000,12493030000,12363659089,12485700000,8453312865,8100130000,7331390000
Cameroon,CMR,Market capitalization of listed domestic companies (current US$),CM.MKT.LCAP.CD,,,,,,,,,,,,,,,,,,,,,,,,,,,,,,,,,,,,,,,,,,,,,,,,,,,,,,,,,,,,,
"Congo, Dem. Rep.",COD,Market capitalization of listed domestic companies (current US$),CM.MKT.LCAP.CD,,,,,,,,,,,,,,,,,,,,,,,,,,,,,,,,,,,,,,,,,,,,,,,,,,,,,,,,,,,,,
"Congo, Rep.",COG,Market capitalization of listed domestic companies (current US$),CM.MKT.LCAP.CD,,,,,,,,,,,,,,,,,,,,,,,,,,,,,,,,,,,,,,,,,,,,,,,,,,,,,,,,,,,,,
Colombia,COL,Market capitalization of listed domestic companies (current US$),CM.MKT.LCAP.CD,,,,,,,,,,,,,,,,,,,,,,,,,,,,,,,,,,,,,,,,,,,,,,50500810000,56204320000,1.01956E+11,87716200000,1.4052E+11,2.08502E+11,2.01296E+11,2.62101E+11,2.02693E+11,1.46746E+11,85955450000,1.03819E+11,1.21477E+11,1.03848E+11,1.3204E+11,1.06315E+11
Comoros,COM,Market capitalization of listed domestic companies (current US$),CM.MKT.LCAP.CD,,,,,,,,,,,,,,,,,,,,,,,,,,,,,,,,,,,,,,,,,,,,,,,,,,,,,,,,,,,,,
Cabo Verde,CPV,Market capitalization of listed domestic companies (current US$),CM.MKT.LCAP.CD,,,,,,,,,,,,,,,,,,,,,,,,,,,,,,,,,,,,,,,,,,,,,,,,,,,,,,,,,,,,,
Costa Rica,CRI,Market capitalization of listed domestic companies (current US$),CM.MKT.LCAP.CD,,,,,,,,,,,,,,,,,,,,,,,,,,,,,,,,,,357000000,,616860000,782610000,822490000,1308290000,2308350000,,,,520490000,1558300000,1510240000,1879810000,2181820000,1905330000,1468480000,1444920000,1498420000,,1949970000,2551360000,2353520000,2917800000,3010760000,2401120000,2217350000,1901280000
Caribbean small states,CSS,Market capitalization of listed domestic companies (current US$),CM.MKT.LCAP.CD,,,,,,,,,,,,,,,,,,,,,,,,,,,,,,,,,,,,,,,,,,,,,,,,,,,,,,,,,,,,,
Cuba,CUB,Market capitalization of listed domestic companies (current US$),CM.MKT.LCAP.CD,,,,,,,,,,,,,,,,,,,,,,,,,,,,,,,,,,,,,,,,,,,,,,,,,,,,,,,,,,,,,
Curacao,CUW,Market capitalization of listed domestic companies (current US$),CM.MKT.LCAP.CD,,,,,,,,,,,,,,,,,,,,,,,,,,,,,,,,,,,,,,,,,,,,,,,,,,,,,,,,,,,,,
Cayman Islands,CYM,Market capitalization of listed domestic companies (current US$),CM.MKT.LCAP.CD,,,,,,,,,,,,,,,,,,,,,,,,,,,,,,,,,,,,,,169940000,166120000,58000000,220160000,189090000,138990000,2752110000,2476990000,1810120000,158000000,165000000,159000000,169000000,238000000,2275900000,2006310000,,,315630000,,,437850000,379050000,644320000
Cyprus,CYP,Market capitalization of listed domestic companies (current US$),CM.MKT.LCAP.CD,,,,,,,,,,,,,,,,,,,,,,,,,,,,,,,,,,,,,,,,,,,,,,,16158020000,17251300000,7987930000,10268870000,6834300000,2853320000,1995750000,2104730000,4031000000,2692400000,2511333006,2822392823,3313490000,4284870000,4693160000
Czech Republic,CZE,Market capitalization of listed domestic companies (current US$),CM.MKT.LCAP.CD,,,,,,,,,,,,,,,,,,,,,,,,,,,,,,,,,,1740800000,6084100000,9185670000,14248100000,10817110000,10430790000,10582930000,9746160000,8150100000,10256370000,15507730000,26891360000,34886410000,44372130000,68913190000,40912350000,,,,,,,,,,,26313100000,26613600000
Germany,DEU,Market capitalization of listed domestic companies (current US$),CM.MKT.LCAP.CD,,,,,,,,,,,,,,,,51400310000,53399790000,65101130000,83691660000,79399940000,71715670000,62583380000,68953080000,82869520000,78368170000,1.78284E+11,2.57677E+11,2.18463E+11,2.50867E+11,3.65175E+11,3.55311E+11,3.7061E+11,3.28692E+11,4.41696E+11,4.99192E+11,5.77374E+11,6.64783E+11,8.25233E+11,1.09425E+12,1.43217E+12,1.27024E+12,1.07175E+12,6.86014E+11,1.07903E+12,1.19452E+12,1.20214E+12,1.63761E+12,2.1052E+12,1.11058E+12,1.29236E+12,1.42972E+12,1.1845E+12,1.48631E+12,1.93611E+12,1.73854E+12,1.7158E+12,1.71604E+12,2.26222E+12,1.75517E+12,2.09817E+12,2.28411E+12
Djibouti,DJI,Market capitalization of listed domestic companies (current US$),CM.MKT.LCAP.CD,,,,,,,,,,,,,,,,,,,,,,,,,,,,,,,,,,,,,,,,,,,,,,,,,,,,,,,,,,,,,
Dominica,DMA,Market capitalization of listed domestic companies (current US$),CM.MKT.LCAP.CD,,,,,,,,,,,,,,,,,,,,,,,,,,,,,,,,,,,,,,,,,,,,,,,,,,,,,,,,,,,,,
Denmark,DNK,Market capitalization of listed domestic companies (current US$),CM.MKT.LCAP.CD,,,,,,,,,,,,,,,,4099990000,4800040000,4779990000,5134510000,5189730000,5543090000,6172560000,5545320000,10557000000,7588100000,15096330000,17361760000,20340330000,26883910000,40223970000,39062500000,44792500000,32488700000,39933390000,47003330000,56221940000,71079200000,93772820000,98875480000,97452590000,1.11819E+11,85145500000,76749870000,1.21641E+11,1.5135E+11,,,,,,,,,,,,,,,,
Dominican Republic,DOM,Market capitalization of listed domestic companies (current US$),CM.MKT.LCAP.CD,,,,,,,,,,,,,,,,,,,,,,,,,,,,,,,,,,,,,,,,,,,,,,,,,,,,,,,,,,,,,
Algeria,DZA,Market capitalization of listed domestic companies (current US$),CM.MKT.LCAP.CD,,,,,,,,,,,,,,,,,,,,,,,,,,,,,,,,,,,,,,,,276638442.6,285296007.1,189155431.3,137851622,142674569.8,139092209.9,141728184.4,94296932.75,96663319.86,91314450.44,90058008.36,105412463,196798215.7,166815679.1,176833871.5,168288844.9,144019727,414179630.9,353143988.8,371418617.8,,
East Asia & Pacific (excluding high income),EAP,Market capitalization of listed domestic companies (current US$),CM.MKT.LCAP.CD,,,,,,,,,,,,,,,,,,,,,,,,,,,,,,,,,,,,,,,,,,,,8.73608E+11,8.50412E+11,8.3362E+11,1.73568E+12,5.32879E+12,2.24549E+12,4.39144E+12,5.27985E+12,4.66995E+12,5.24796E+12,5.41595E+12,7.63408E+12,9.57234E+12,8.85385E+12,1.06539E+13,8.10121E+12,1.04371E+13,1.41491E+13
Early-demographic dividend,EAR,Market capitalization of listed domestic companies (current US$),CM.MKT.LCAP.CD,,,,,,,,,,,,,,,,,,,,,,,,,,,,,,,,,,,,,6.91845E+11,6.90498E+11,4.93407E+11,8.21321E+11,8.56349E+11,6.45902E+11,6.55235E+11,1.00262E+12,1.49162E+12,2.00746E+12,2.79318E+12,4.50272E+12,2.21053E+12,3.95768E+12,5.03659E+12,4.12518E+12,4.66075E+12,4.80164E+12,5.15046E+12,4.71516E+12,4.96327E+12,6.44157E+12,5.57983E+12,8.02709E+12,9.25205E+12
East Asia & Pacific,EAS,Market capitalization of listed domestic companies (current US$),CM.MKT.LCAP.CD,,,,,,,,,,,,,,,,,,,47128750000,3.69291E+11,5.06141E+11,5.65634E+11,5.10636E+11,6.62054E+11,7.55772E+11,1.09365E+12,2.0244E+12,3.01961E+12,4.15595E+12,4.96691E+12,3.4405E+12,3.64901E+12,2.98034E+12,4.32971E+12,4.99186E+12,5.06339E+12,4.957E+12,3.43563E+12,3.79361E+12,6.6981E+12,4.93888E+12,4.00495E+12,3.80231E+12,6.05223E+12,7.21236E+12,8.79746E+12,1.1077E+13,1.6043E+13,8.51415E+12,1.33348E+13,1.58989E+13,1.37263E+13,1.57381E+13,1.73715E+13,1.95096E+13,2.16127E+13,2.11743E+13,2.65743E+13,2.17188E+13,2.66371E+13,3.34328E+13
Europe & Central Asia (excluding high income),ECA,Market capitalization of listed domestic companies (current US$),CM.MKT.LCAP.CD,,,,,,,,,,,,,,,,,,,,,,,,,,,,,,,,,,,,,,,,,,,,,,,,,,1.05736E+12,1.34827E+12,1.05866E+12,1.16787E+12,1.03925E+12,6.63871E+11,6.41784E+11,8.57742E+11,9.25314E+11,7.87654E+11,1.06357E+12,1.02064E+12
Europe & Central Asia,ECS,Market capitalization of listed domestic companies (current US$),CM.MKT.LCAP.CD,,,,,,,,,,,,,,,,2.68674E+11,2.34696E+11,2.92061E+11,3.9724E+11,3.01986E+11,3.08198E+11,4.29296E+11,4.31377E+11,5.19778E+11,6.18592E+11,9.28581E+11,1.43672E+12,1.64132E+12,1.9102E+12,2.46015E+12,2.33667E+12,2.67501E+12,2.45175E+12,3.12043E+12,3.35858E+12,3.99352E+12,4.88535E+12,6.10956E+12,6.24952E+12,9.54598E+12,9.04506E+12,7.34495E+12,6.25969E+12,8.62258E+12,9.96993E+12,1.06754E+13,1.4165E+13,1.63371E+13,8.24141E+12,1.202E+13,1.22391E+13,1.08772E+13,1.22653E+13,1.47425E+13,1.31559E+13,8.64509E+12,8.8412E+12,1.10942E+13,,,
Ecuador,ECU,Market capitalization of listed domestic companies (current US$),CM.MKT.LCAP.CD,,,,,,,,,,,,,,,,,,,,,,,,,,,,,,,,,,,,2565600000,2010100000,2021300000,1556000000,522000000,747000000,,,,,,,,,,,,,,,,,,,,
"Egypt, Arab Rep.",EGY,Market capitalization of listed domestic companies (current US$),CM.MKT.LCAP.CD,,,,,,,,,,,,,,,,,,,,,,,,,,,,,,,,,,,,,,,,,,,,,,,93496400000,1.39274E+11,85978070000,91207340000,84276830000,48849670000,59181970000,61629650000,70083650000,55191870000,33323010781,46546100000,42005550000,44199850000,41351180000
Euro area,EMU,Market capitalization of listed domestic companies (current US$),CM.MKT.LCAP.CD,,,,,,,,,,,,,,,,1.601E+11,1.367E+11,1.34357E+11,2.14401E+11,2.12455E+11,2.11039E+11,1.74663E+11,1.69843E+11,2.04473E+11,2.50923E+11,4.28546E+11,7.44351E+11,7.29301E+11,9.16012E+11,1.29014E+12,1.17198E+12,1.33157E+12,1.17432E+12,1.49309E+12,1.6993E+12,1.95665E+12,2.34957E+12,2.9527E+12,2.76885E+12,5.22245E+12,5.05762E+12,4.191E+12,3.37162E+12,4.81113E+12,5.77853E+12,6.11806E+12,8.3731E+12,1.00619E+13,4.98958E+12,6.67077E+12,6.43948E+12,5.39969E+12,6.13501E+12,7.70869E+12,7.00668E+12,6.12062E+12,6.17185E+12,7.94462E+12,5.55828E+12,,
Eritrea,ERI,Market capitalization of listed domestic companies (current US$),CM.MKT.LCAP.CD,,,,,,,,,,,,,,,,,,,,,,,,,,,,,,,,,,,,,,,,,,,,,,,,,,,,,,,,,,,,,
Spain,ESP,Market capitalization of listed domestic companies (current US$),CM.MKT.LCAP.CD,,,,,,,,,,,,,,,,33199890000,24000000000,,17940860000,17389180000,16564790000,16677890000,11168140000,10860470000,13232270000,19509170000,48926060000,71090260000,90903980000,1.22652E+11,1.11449E+11,1.47819E+11,1.16224E+11,1.18668E+11,1.54984E+11,1.90571E+11,2.41028E+11,2.90383E+11,4.02163E+11,4.309E+11,5.04219E+11,4.68203E+11,4.61559E+11,7.26243E+11,9.40673E+11,9.5991E+11,1.32292E+12,1.79983E+12,9.48352E+11,1.43454E+12,1.17162E+12,1.03099E+12,9.95088E+11,1.11656E+12,9.92914E+11,7.87192E+11,7.04551E+11,8.88838E+11,7.23691E+11,7.97286E+11,7.59175E+11
Estonia,EST,Market capitalization of listed domestic companies (current US$),CM.MKT.LCAP.CD,,,,,,,,,,,,,,,,,,,,,,,,,,,,,,,,,,,,,,,,,,,,,,,,,,,,,,,,,,,,,
Ethiopia,ETH,Market capitalization of listed domestic companies (current US$),CM.MKT.LCAP.CD,,,,,,,,,,,,,,,,,,,,,,,,,,,,,,,,,,,,,,,,,,,,,,,,,,,,,,,,,,,,,
European Union,EUU,Market capitalization of listed domestic companies (current US$),CM.MKT.LCAP.CD,,,,,,,,,,,,,,,,1.664E+11,1.441E+11,1.46738E+11,2.2976E+11,2.28321E+11,2.29491E+11,1.98052E+11,1.93985E+11,2.45275E+11,2.84185E+11,4.80938E+11,8.25068E+11,8.20018E+11,1.04257E+12,1.44961E+12,1.30306E+12,1.47342E+12,1.28489E+12,1.63528E+12,1.87221E+12,2.20012E+12,2.68665E+12,3.33837E+12,3.18075E+12,5.73627E+12,5.54204E+12,4.55114E+12,3.69043E+12,5.30313E+12,6.08063E+12,6.31341E+12,8.67282E+12,1.05112E+13,5.19093E+12,6.90011E+12,6.70507E+12,5.60154E+12,6.33318E+12,7.97908E+12,7.23251E+12,6.31303E+12,6.37135E+12,8.22395E+12,5.78906E+12,,
Fragile and conflict affected situations,FCS,Market capitalization of listed domestic companies (current US$),CM.MKT.LCAP.CD,,,,,,,,,,,,,,,,,,,,,,,,,,,,,,,,,,,,,,,,,,,,,,,,,,,,,,,,,,,,,
Finland,FIN,Market capitalization of listed domestic companies (current US$),CM.MKT.LCAP.CD,,,,,,,,,,,,,,,,,,,,,,,2759400000,4133730000,41671210000,5854860000,11691930000,19985100000,30549200000,30789380000,22721300000,14199400000,11953800000,23524610000,38230500000,28918430000,41555780000,50653590000,96718280000,40804170000,33146100000,20391530000,15277460000,18763320000,20344330000,,,,,,,,,,,,,,,,
Fiji,FJI,Market capitalization of listed domestic companies (current US$),CM.MKT.LCAP.CD,,,,,,,,,,,,,,,,,,,,,,,,,,,,,,,,,,,,,,,,,,,,,,,,,,,,,,,,,,,,,
France,FRA,Market capitalization of listed domestic companies (current US$),CM.MKT.LCAP.CD,,,,,,,,,,,,,,,,35299950000,27399770000,27928580000,45382360000,55254080000,54616100000,38127490000,29645950000,38139680000,41058210000,79096030000,1.53541E+11,1.55578E+11,2.22893E+11,3.38156E+11,3.11687E+11,3.58194E+11,3.2736E+11,4.5599E+11,4.52521E+11,4.99944E+11,5.85916E+11,6.74405E+11,1.51151E+11,1.50295E+12,1.44663E+12,1.17466E+12,9.67015E+11,1.35593E+12,1.55911E+12,1.75851E+12,2.42825E+12,2.74034E+12,1.47241E+12,1.94619E+12,1.91152E+12,1.55396E+12,1.80819E+12,2.30109E+12,2.0859E+12,2.08832E+12,2.15905E+12,2.74931E+12,2.36595E+12,,
Faroe Islands,FRO,Market capitalization of listed domestic companies (current US$),CM.MKT.LCAP.CD,,,,,,,,,,,,,,,,,,,,,,,,,,,,,,,,,,,,,,,,,,,,,,,,,,,,,,,,,,,,,
"Micronesia, Fed. Sts.",FSM,Market capitalization of listed domestic companies (current US$),CM.MKT.LCAP.CD,,,,,,,,,,,,,,,,,,,,,,,,,,,,,,,,,,,,,,,,,,,,,,,,,,,,,,,,,,,,,
Gabon,GAB,Market capitalization of listed domestic companies (current US$),CM.MKT.LCAP.CD,,,,,,,,,,,,,,,,,,,,,,,,,,,,,,,,,,,,,,,,,,,,,,,,,,,,,,,,,,,,,
United Kingdom,GBR,Market capitalization of listed domestic companies (current US$),CM.MKT.LCAP.CD,,,,,,,,,,,,,,,,85803890000,69696610000,1.15465E+11,1.29428E+11,30095770000,35975710000,1.89563E+11,1.96251E+11,2.25837E+11,2.36403E+11,3.53475E+11,4.72896E+11,6.79712E+11,7.11527E+11,8.14321E+11,8.49848E+11,9.89918E+11,9.54883E+11,1.15028E+12,1.14333E+12,1.32994E+12,1.71123E+12,2.06825E+12,2.29765E+12,2.95482E+12,2.57699E+12,2.1495E+12,1.85619E+12,2.42582E+12,2.81593E+12,3.05818E+12,3.78136E+12,3.84646E+12,1.86815E+12,2.79644E+12,2.68688E+12,2.93224E+12,3.29164E+12,3.94688E+12,3.57089E+12,,,,,,
Georgia,GEO,Market capitalization of listed domestic companies (current US$),CM.MKT.LCAP.CD,,,,,,,,,,,,,,,,,,,,,,,,,,,,,,,,,,,,,,,,,,,,,,,,,,,,,,,,,,,,,
Ghana,GHA,Market capitalization of listed domestic companies (current US$),CM.MKT.LCAP.CD,,,,,,,,,,,,,,,,,,,,,,,,,,,,,,,,,,122100000,1899400000,1668300000,1658590000,1129550000,1387010000,920000000,500000000,280000000,350000000,640000000,480000000,610000000,760000000,2401290000,2844380000,2427020000,2947690000,3098510000,,,,,,,,,9247430000
Gibraltar,GIB,Market capitalization of listed domestic companies (current US$),CM.MKT.LCAP.CD,,,,,,,,,,,,,,,,,,,,,,,,,,,,,,,,,,,,,,,,,,,,,,,,,,,,,,,,,,,,,
Guinea,GIN,Market capitalization of listed domestic companies (current US$),CM.MKT.LCAP.CD,,,,,,,,,,,,,,,,,,,,,,,,,,,,,,,,,,,,,,,,,,,,,,,,,,,,,,,,,,,,,
"Gambia, The",GMB,Market capitalization of listed domestic companies (current US$),CM.MKT.LCAP.CD,,,,,,,,,,,,,,,,,,,,,,,,,,,,,,,,,,,,,,,,,,,,,,,,,,,,,,,,,,,,,
Guinea-Bissau,GNB,Market capitalization of listed domestic companies (current US$),CM.MKT.LCAP.CD,,,,,,,,,,,,,,,,,,,,,,,,,,,,,,,,,,,,,,,,,,,,,,,,,,,,,,,,,,,,,
Equatorial Guinea,GNQ,Market capitalization of listed domestic companies (current US$),CM.MKT.LCAP.CD,,,,,,,,,,,,,,,,,,,,,,,,,,,,,,,,,,,,,,,,,,,,,,,,,,,,,,,,,,,,,
Greece,GRC,Market capitalization of listed domestic companies (current US$),CM.MKT.LCAP.CD,,,,,,,,,,,,,,,,,,,,,,,,,,,,,,,,,,,,,,,,,,84752030000,67061460000,1.06644E+11,1.25242E+11,1.45121E+11,2.00696E+11,2.64961E+11,90200000000,1.12632E+11,67586420000,33778890000,44876550000,82594240000,55154270000,42079580000,37163048981,50605060000,38370850000,53653980000,50986890000
Grenada,GRD,Market capitalization of listed domestic companies (current US$),CM.MKT.LCAP.CD,,,,,,,,,,,,,,,,,,,,,,,,,,,,,,,,,,,,,,,,,,,,,,,,,,,,,,,,,,,,,
Greenland,GRL,Market capitalization of listed domestic companies (current US$),CM.MKT.LCAP.CD,,,,,,,,,,,,,,,,,,,,,,,,,,,,,,,,,,,,,,,,,,,,,,,,,,,,,,,,,,,,,
Guatemala,GTM,Market capitalization of listed domestic companies (current US$),CM.MKT.LCAP.CD,,,,,,,,,,,,,,,,,,,,,,,,,,,,,,,,,,,,,,,,,,,,,,,,,,,,,,,,,,,,,
Guam,GUM,Market capitalization of listed domestic companies (current US$),CM.MKT.LCAP.CD,,,,,,,,,,,,,,,,,,,,,,,,,,,,,,,,,,,,,,,,,,,,,,,,,,,,,,,,,,,,,
Guyana,GUY,Market capitalization of listed domestic companies (current US$),CM.MKT.LCAP.CD,,,,,,,,,,,,,,,,,,,,,,,,,,,,,,,,,,,,,,,,,,,,,,,,,,,,,,,,,,,,,
High income,HIC,Market capitalization of listed domestic companies (current US$),CM.MKT.LCAP.CD,,,,,,,,,,,,,,,,1.12237E+12,1.3104E+12,1.3323E+12,1.48602E+12,1.90635E+12,2.46465E+12,2.25016E+12,2.60801E+12,3.2309E+12,3.20994E+12,4.59944E+12,6.33099E+12,7.59216E+12,9.27526E+12,1.12981E+13,9.26925E+12,1.09399E+13,1.03516E+13,1.30254E+13,1.38445E+13,1.63658E+13,1.87273E+13,2.12529E+13,2.39532E+13,3.22202E+13,2.97641E+13,2.58572E+13,2.18793E+13,2.91351E+13,3.40257E+13,3.73272E+13,4.50078E+13,4.94843E+13,2.74199E+13,3.75815E+13,4.20753E+13,3.73433E+13,4.33032E+13,5.31226E+13,5.41657E+13,4.80644E+13,5.09457E+13,6.19711E+13,5.48446E+13,6.1432E+13,7.16835E+13
"Hong Kong SAR, China",HKG,Market capitalization of listed domestic companies (current US$),CM.MKT.LCAP.CD,,,,,,,,,,,,,,,,8100040000,11700010000,10528310000,12930600000,22220560000,39013300000,38980940000,21687340000,19558170000,23617550000,34593530000,53843770000,54073720000,74407440000,77565440000,83385870000,1.21881E+11,1.71984E+11,3.85043E+11,2.69508E+11,3.03705E+11,4.49219E+11,4.13323E+11,3.43567E+11,6.08159E+11,6.23398E+11,5.06073E+11,4.63055E+11,7.14597E+11,8.61463E+11,1.055E+12,1.71495E+12,2.65442E+12,1.32877E+12,2.30514E+12,2.71132E+12,2.25804E+12,2.83195E+12,3.10078E+12,3.23303E+12,3.18487E+12,3.19324E+12,4.35051E+12,3.81922E+12,4.89923E+12,6.13042E+12
Honduras,HND,Market capitalization of listed domestic companies (current US$),CM.MKT.LCAP.CD,,,,,,,,,,,,,,,,,,,,,,,,,,,,,,,,,,,,,,,,,,,,,,,,,,,,,,,,,,,,,
Heavily indebted poor countries (HIPC),HPC,Market capitalization of listed domestic companies (current US$),CM.MKT.LCAP.CD,,,,,,,,,,,,,,,,,,,,,,,,,,,,,,,,,,,,,,,,,,,,,,,,,,,,,,,,,,,,,
Croatia,HRV,Market capitalization of listed domestic companies (current US$),CM.MKT.LCAP.CD,,,,,,,,,,,,,,,,,,,,,,,,,,,,,,,,,,,513900000,892170000,2981670000,4232900000,2928580000,2508850000,2744640000,3127500000,8109770000,6125730000,10958640000,12918190000,29005630000,70222950000,27126480000,26618990000,25596130000,22558380000,,21484740000,20036880000,18414470000,20180810000,22764800000,20508990000,22458260000,22229990000
Haiti,HTI,Market capitalization of listed domestic companies (current US$),CM.MKT.LCAP.CD,,,,,,,,,,,,,,,,,,,,,,,,,,,,,,,,,,,,,,,,,,,,,,,,,,,,,,,,,,,,,
Hungary,HUN,Market capitalization of listed domestic companies (current US$),CM.MKT.LCAP.CD,,,,,,,,,,,,,,,,,,,,,,,,,,,,,,,,,,,,,,,,,,,12988880000,16662910000,28597850000,32575670000,41934490000,46195630000,18465410000,30036630000,27708410000,18772970000,20760180000,19797410000,14513280000,17686950000,22553356584,31553860000,28934570000,32886530000,27970830000
IBRD only,IBD,Market capitalization of listed domestic companies (current US$),CM.MKT.LCAP.CD,,,,,,,,,,,,,,,,,,,,,,,,,,,,,,,,,,,,,,,,,,,,2.09136E+12,2.63955E+12,3.33667E+12,5.30892E+12,1.12644E+13,5.13145E+12,1.01737E+13,1.25741E+13,1.04517E+13,1.16318E+13,1.15866E+13,1.32843E+13,1.44173E+13,1.44258E+13,1.79082E+13,1.43591E+13,1.76241E+13,2.21927E+13
IDA & IBRD total,IBT,Market capitalization of listed domestic companies (current US$),CM.MKT.LCAP.CD,,,,,,,,,,,,,,,,,,,,,,,,,,,,,,,,,,,,,,,,,,,,2.10155E+12,2.71294E+12,3.42551E+12,5.4175E+12,1.14648E+13,5.24655E+12,1.02957E+13,1.27398E+13,1.06064E+13,1.1688E+13,1.17331E+13,1.34305E+13,1.4547E+13,1.454E+13,1.80458E+13,1.44764E+13,1.77688E+13,2.23835E+13
IDA total,IDA,Market capitalization of listed domestic companies (current US$),CM.MKT.LCAP.CD,,,,,,,,,,,,,,,,,,,,,,,,,,,,,,,,,,,,,,,,,,,,,,,,,,,,,,,,,,,,,
IDA blend,IDB,Market capitalization of listed domestic companies (current US$),CM.MKT.LCAP.CD,,,,,,,,,,,,,,,,,,,,,,,,,,,,,,,,,,17295200000,20636900000,21384020000,29807040000,28106550000,18784940000,12408070000,,,,,69177570000,80083680000,96859380000,1.80915E+11,93452100000,92591320000,1.14042E+11,94391380000,,,,,,,,,
Indonesia,IDN,Market capitalization of listed domestic companies (current US$),CM.MKT.LCAP.CD,,,,,,,,,,,,,,,,,,,,,,,,,,,,,,,,,,,,66584940000,90997080000,29050020000,22077860000,64044670000,26812500000,22997860000,30066960000,54659060000,73250640000,81428120000,1.38886E+11,2.11693E+11,98760600000,2.14941E+11,3.60388E+11,3.90107E+11,4.28223E+11,3.46674E+11,4.22127E+11,3.53271E+11,4.25768E+11,5.20687E+11,4.86766E+11,5.23322E+11,4.96086E+11
IDA only,IDX,Market capitalization of listed domestic companies (current US$),CM.MKT.LCAP.CD,,,,,,,,,,,,,,,,,,,,,,,,,,,,,,,,,,,,,,,,,,,,,,,,,,,,,,,,,,,,,
Isle of Man,IMN,Market capitalization of listed domestic companies (current US$),CM.MKT.LCAP.CD,,,,,,,,,,,,,,,,,,,,,,,,,,,,,,,,,,,,,,,,,,,,,,,,,,,,,,,,,,,,,
India,IND,Market capitalization of listed domestic companies (current US$),CM.MKT.LCAP.CD,,,,,,,,,,,,,,,,,,,,,,,,,,,,,,,,,,,,,,,,,2.25648E+11,1.48772E+11,1.72186E+11,3.08995E+11,4.15544E+11,6.2474E+11,8.9527E+11,1.96186E+12,7.91308E+11,1.36731E+12,1.76246E+12,1.2446E+12,1.39042E+12,1.26506E+12,1.68671E+12,1.74517E+12,1.7463E+12,2.55599E+12,2.28231E+12,2.28692E+12,2.59547E+12
Not classified,INX,Market capitalization of listed domestic companies (current US$),CM.MKT.LCAP.CD,,,,,,,,,,,,,,,,,,,,,,,,,,,,,,,,,,,,,,,,,,,,,,,,,,,,,,,,,,,,,
Ireland,IRL,Market capitalization of listed domestic companies (current US$),CM.MKT.LCAP.CD,,,,,,,,,,,,,,,,,,,,,,,,,,,,,,,,,,,,,,48902510000,69676460000,68773180000,81882450000,75297840000,59937500000,85070380000,1.14085E+11,1.14086E+11,1.63269E+11,1.43905E+11,49489910000,61291120000,60368310000,1.08393E+11,1.08989E+11,1.70123E+11,1.43466E+11,1.28009E+11,1.19829E+11,1.46554E+11,1.10154E+11,,
"Iran, Islamic Rep.",IRN,Market capitalization of listed domestic companies (current US$),CM.MKT.LCAP.CD,,,,,,,,,,,,,,,,1900010000,3100000000,3814710000,5001760000,,,,,,,,,,,,,,,1286800000,2803000000,9161700000,17024440000,15181250000,14903260000,21827030000,26685660000,7381240000,11760560000,27544170000,42600420000,36440220000,36314580000,43885010000,48712710000,59183540000,86641520000,1.0709E+11,90995750000,3.45777E+11,1.16638E+11,89428040000,1.01008E+11,1.06329E+11,1.43548E+11,3.20671E+11,1.21839E+12
Iraq,IRQ,Market capitalization of listed domestic companies (current US$),CM.MKT.LCAP.CD,,,,,,,,,,,,,,,,,,,,,,,,,,,,,,,,,,,,,,,,,,,,,,,,,,,,,,,,,,,,,
Iceland,ISL,Market capitalization of listed domestic companies (current US$),CM.MKT.LCAP.CD,,,,,,,,,,,,,,,,,,,,,,,,,,,,,,,,,,,,,,,,,,,,,,,,,,,,,,,,,,,,,
Israel,ISR,Market capitalization of listed domestic companies (current US$),CM.MKT.LCAP.CD,,,,,,,,,,,,,,,,,,,,2539520000,4808410000,6970150000,15917340000,5096240000,6120110000,7630000000,9884280000,12109710000,5420180000,8228730000,8273930000,14295000000,29698100000,50840710000,32732480000,36508720000,35770280000,46328090000,40883390000,65261070000,66742920000,57655940000,42131470000,70169060000,91856250000,1.22578E+11,1.61732E+11,2.35056E+11,1.07706E+11,1.88734E+11,2.27614E+11,1.56939E+11,1.61855E+11,2.03301E+11,2.00525E+11,2.43904E+11,2.13984E+11,2.31049E+11,1.87466E+11,2.37371E+11,2.62062E+11
Italy,ITA,Market capitalization of listed domestic companies (current US$),CM.MKT.LCAP.CD,,,,,,,,,,,,,,,,10800000000,,6165910000,9806640000,12859570000,25340150000,23957300000,19926410000,20908910000,25721330000,58166830000,1.40241E+11,1.20347E+11,1.35417E+11,1.69417E+11,1.48766E+11,1.65033E+11,1.23659E+11,1.453E+11,1.85971E+11,2.09523E+11,2.56595E+11,3.44665E+11,294240000,7.2824E+11,7.68363E+11,5.27467E+11,4.77075E+11,6.14842E+11,7.89563E+11,7.98073E+11,1.0265E+12,1.07253E+12,5.22088E+11,6.55848E+11,5.35059E+11,4.31486E+11,4.81827E+11,6.15462E+11,5.87312E+11,,,,,,
Jamaica,JAM,Market capitalization of listed domestic companies (current US$),CM.MKT.LCAP.CD,,,,,,,,,,,,,,,,,,,,,,,,,,,,,,,,,,1471700000,1817100000,1390570000,1944590000,2291210000,2133300000,2525300000,3550680000,4718500000,6037030000,,,,,,,,3884350000,5008860000,,3339110000,2936990000,5899490000,6469030000,9404890000,12057130000,15767450000,11701080000
Jordan,JOR,Market capitalization of listed domestic companies (current US$),CM.MKT.LCAP.CD,,,,,,,,,,,,,,,,,,,,,,,,,,,,,,,,,,,,,,,,,,,,,,,,40838460000,35894700000,31826650000,30864420000,27183020000,26967480000,25764430000,25554860000,25452410000,24573951247,23968560000,22740040000,21036390000,18205660000
Japan,JPN,Market capitalization of listed domestic companies (current US$),CM.MKT.LCAP.CD,,,,,,,,,,,,,,,,1.41799E+11,1.80901E+11,21530430000,34198150000,2.89124E+11,3.79213E+11,4.17943E+11,4.17405E+11,5.45848E+11,6.44412E+11,9.48263E+11,1.78364E+12,2.72637E+12,3.78903E+12,4.26038E+12,2.92853E+12,3.0057E+12,2.25484E+12,2.9063E+12,3.59219E+12,3.54531E+12,3.01973E+12,2.08537E+12,2.43955E+12,4.45535E+12,3.15722E+12,2.26453E+12,2.0693E+12,2.9531E+12,3.55767E+12,4.5729E+12,4.61407E+12,4.33092E+12,3.1158E+12,3.30608E+12,3.82777E+12,3.32539E+12,3.47883E+12,4.54317E+12,4.37799E+12,4.89492E+12,4.9553E+12,6.22283E+12,5.29681E+12,6.19107E+12,6.71822E+12
Kazakhstan,KAZ,Market capitalization of listed domestic companies (current US$),CM.MKT.LCAP.CD,,,,,,,,,,,,,,,,,,,,,,,,,,,,,,,,,,,,,,,1693670000,,,,1289440000,2425900000,3941880000,10528660000,43688350000,41377500000,23271810000,27929370000,26672730000,22537310000,23542600000,26228210000,22973440000,34891880000,40161214777,45558250000,37005250000,44972360000,45202410000
Kenya,KEN,Market capitalization of listed domestic companies (current US$),CM.MKT.LCAP.CD,,,,,,,,,,,,,,,,,,,,,,,,,,,,,,,,,,1063100000,3046700000,2017510000,1799020000,1813020000,2088570000,,1255390000,1045300000,1431290000,4182760000,3890970000,6383990000,11378040000,13344620000,10854100000,10966800000,14460870000,10202610000,,,,,,,,25061520000,21398330000
Kyrgyz Republic,KGZ,Market capitalization of listed domestic companies (current US$),CM.MKT.LCAP.CD,,,,,,,,,,,,,,,,,,,,,,,,,,,,,,,,,,,,,,,,,,,,,,,,,,,,,,,,,,,,,
Cambodia,KHM,Market capitalization of listed domestic companies (current US$),CM.MKT.LCAP.CD,,,,,,,,,,,,,,,,,,,,,,,,,,,,,,,,,,,,,,,,,,,,,,,,,,,,,,,,,,,,,
Kiribati,KIR,Market capitalization of listed domestic companies (current US$),CM.MKT.LCAP.CD,,,,,,,,,,,,,,,,,,,,,,,,,,,,,,,,,,,,,,,,,,,,,,,,,,,,,,,,,,,,,
St. Kitts and Nevis,KNA,Market capitalization of listed domestic companies (current US$),CM.MKT.LCAP.CD,,,,,,,,,,,,,,,,,,,,,,,,,,,,,,,,,,,,,,,,,,,,,,,,,,,,,,,,,,,,,
"Korea, Rep.",KOR,Market capitalization of listed domestic companies (current US$),CM.MKT.LCAP.CD,,,,,,,,,,,,,,,,,,,,5391320000,3828760000,4224270000,4407720000,4386800000,6222380000,7380820000,13924110000,33033160000,94348320000,1.4049E+11,1.10301E+11,96466000000,1.07661E+11,1.39584E+11,1.91778E+11,1.81955E+11,1.39122E+11,41881360000,1.14593E+11,3.06128E+11,1.71262E+11,2.33921E+11,2.50707E+11,3.29457E+11,4.28326E+11,7.18011E+11,8.34404E+11,1.12261E+12,4.70798E+11,8.34597E+11,1.09191E+12,9.9614E+11,1.17942E+12,1.23455E+12,1.21276E+12,1.2312E+12,1.25454E+12,1.77177E+12,1.41372E+12,1.48484E+12,2.17619E+12
Kuwait,KWT,Market capitalization of listed domestic companies (current US$),CM.MKT.LCAP.CD,,,,,,,,,,,,,,,,,,,,,,,,,,,,,,,,,,10499870000,9956700000,12970260000,18933330000,29655850000,22765250000,20019720000,19459900000,22633510000,31460220000,60951560000,72903660000,1.0372E+11,1.07063E+11,,,,,,,,,96113490000,,,,1.18142E+11,1.05987E+11
Latin America & Caribbean (excluding high income),LAC,Market capitalization of listed domestic companies (current US$),CM.MKT.LCAP.CD,,,,,,,,,,,,,,,,,,,,,,,,,,,,,,,,,,,,,,,,,4.14037E+11,3.62991E+11,2.67847E+11,4.09953E+11,5.66177E+11,8.43479E+11,1.21509E+12,2.00523E+12,1.00043E+12,1.95641E+12,2.38935E+12,1.98157E+12,2.16402E+12,1.90111E+12,1.62911E+12,1.11286E+12,1.38083E+12,1.72861E+12,1.5752E+12,1.90664E+12,1.60894E+12
Lao PDR,LAO,Market capitalization of listed domestic companies (current US$),CM.MKT.LCAP.CD,,,,,,,,,,,,,,,,,,,,,,,,,,,,,,,,,,,,,,,,,,,,,,,,,,,,,,,,,,,,,
Lebanon,LBN,Market capitalization of listed domestic companies (current US$),CM.MKT.LCAP.CD,,,,,,,,,,,,,,,,,,,,,,,,,,,,,,,,,,,,,2396000000,2684000000,2391000000,1891350000,1554260000,1228000000,1326450000,1417740000,2206290000,4809840000,8143960000,10745910000,9583570000,12849820000,12697350000,9047140000,9078600000,10668220000,11328150000,11380950000,12122530000,11491770000,9675180000,7735800000,6702770000
Liberia,LBR,Market capitalization of listed domestic companies (current US$),CM.MKT.LCAP.CD,,,,,,,,,,,,,,,,,,,,,,,,,,,,,,,,,,,,,,,,,,,,,,,,,,,,,,,,,,,,,
Libya,LBY,Market capitalization of listed domestic companies (current US$),CM.MKT.LCAP.CD,,,,,,,,,,,,,,,,,,,,,,,,,,,,,,,,,,,,,,,,,,,,,,,,,,,,,,,,,,,,,
St. Lucia,LCA,Market capitalization of listed domestic companies (current US$),CM.MKT.LCAP.CD,,,,,,,,,,,,,,,,,,,,,,,,,,,,,,,,,,,,,,,,,,,,,,,,,,,,,,,,,,,,,
Latin America & Caribbean,LCN,Market capitalization of listed domestic companies (current US$),CM.MKT.LCAP.CD,,,,,,,,,,,,,,,,,,,,,,,,,,,,,,,,,,,,,,,,,4.87883E+11,4.31432E+11,3.21792E+11,4.99231E+11,6.85578E+11,9.81782E+11,1.38967E+12,2.21831E+12,1.1324E+12,2.18731E+12,2.73357E+12,2.2587E+12,2.47935E+12,2.17024E+12,1.86504E+12,1.30648E+12,1.5964E+12,2.02664E+12,1.82992E+12,2.11421E+12,1.79691E+12
Least developed countries: UN classification,LDC,Market capitalization of listed domestic companies (current US$),CM.MKT.LCAP.CD,,,,,,,,,,,,,,,,,,,,,,,,,,,,,,,,,,,,,,,,,,,,,,,,,,,,,,,,,,,,,
Low income,LIC,Market capitalization of listed domestic companies (current US$),CM.MKT.LCAP.CD,,,,,,,,,,,,,,,,,,,,,,,,,,,,,,,,,,,,,,,,,,,,,,,,,,,,,,,,,,,,,
Liechtenstein,LIE,Market capitalization of listed domestic companies (current US$),CM.MKT.LCAP.CD,,,,,,,,,,,,,,,,,,,,,,,,,,,,,,,,,,,,,,,,,,,,,,,,,,,,,,,,,,,,,
Sri Lanka,LKA,Market capitalization of listed domestic companies (current US$),CM.MKT.LCAP.CD,,,,,,,,,,,,,,,,,,,,,,,,,,,,,,,,,,,,,,,,1584030000,1074140000,1331530000,1680410000,2711070000,3657000000,5719990000,7768850000,7553170000,4285950000,9546660000,19923860000,19436990000,16974010000,18806550000,23665120000,20804110000,18678773847,18959520000,15575020000,15720540000,15981910000
Lower middle income,LMC,Market capitalization of listed domestic companies (current US$),CM.MKT.LCAP.CD,,,,,,,,,,,,,,,,,,,,,,,,,,,,,,,,,,,,,,,,,3.18253E+11,2.11446E+11,2.55267E+11,,6.38183E+11,8.80469E+11,1.35039E+12,2.66956E+12,1.21046E+12,1.98638E+12,2.79489E+12,2.25415E+12,2.36352E+12,2.53482E+12,2.85683E+12,2.75504E+12,2.82654E+12,3.8872E+12,3.55631E+12,3.83513E+12,5.09447E+12
Low & middle income,LMY,Market capitalization of listed domestic companies (current US$),CM.MKT.LCAP.CD,,,,,,,,,,,,,,,,,,,,,,,,,,,,,,,,,,,,,,,,,,,,1.97234E+12,2.5153E+12,3.18524E+12,5.06716E+12,1.09718E+13,4.99862E+12,9.8898E+12,1.21842E+13,1.01781E+13,1.12001E+13,1.12452E+13,1.30115E+13,1.42038E+13,1.41721E+13,1.75309E+13,1.40484E+13,1.73936E+13,2.20027E+13
Lesotho,LSO,Market capitalization of listed domestic companies (current US$),CM.MKT.LCAP.CD,,,,,,,,,,,,,,,,,,,,,,,,,,,,,,,,,,,,,,,,,,,,,,,,,,,,,,,,,,,,,
Late-demographic dividend,LTE,Market capitalization of listed domestic companies (current US$),CM.MKT.LCAP.CD,,,,,,,,,,,,,,,,,,,,,,,,,,,,,,,,,,,,,,,,,,,,1.31203E+12,1.48908E+12,1.74521E+12,3.02688E+12,7.44397E+12,3.33082E+12,7.01694E+12,8.39392E+12,7.11848E+12,7.75709E+12,8.01697E+12,9.45976E+12,1.10386E+13,1.0708E+13,1.2768E+13,1.00678E+13,1.28474E+13,1.63064E+13
Lithuania,LTU,Market capitalization of listed domestic companies (current US$),CM.MKT.LCAP.CD,,,,,,,,,,,,,,,,,,,,,,,,,,,,,,,,,,,,,,,,,,,,,,,,,,,,,,,,,,,,,
Luxembourg,LUX,Market capitalization of listed domestic companies (current US$),CM.MKT.LCAP.CD,,,,,,,,,,,,,,,,800000000,800000000,861850000,1046590000,2540000000,1453520000,1516850000,1602090000,1511770000,1618670000,2800120000,4566160000,7144420000,8467720000,10348070000,10455530000,11275800000,11833300000,19315890000,28518410000,30426440000,32411670000,33883350000,38182000000,35938660000,34016520000,22710360000,24551040000,37333210000,50143550000,51248410000,79513580000,1.66078E+11,66614730000,1.05048E+11,1.01129E+11,67627420000,70338380000,78640840000,63167510000,47131380000,60910166393,68639080000,49482640000,44233610000,51567660000
Latvia,LVA,Market capitalization of listed domestic companies (current US$),CM.MKT.LCAP.CD,,,,,,,,,,,,,,,,,,,,,,,,,,,,,,,,,,,,,,,,,,,,,,,,,,,,,,,,,,,,,
"Macao SAR, China",MAC,Market capitalization of listed domestic companies (current US$),CM.MKT.LCAP.CD,,,,,,,,,,,,,,,,,,,,,,,,,,,,,,,,,,,,,,,,,,,,,,,,,,,,,,,,,,,,,
St. Martin (French part),MAF,Market capitalization of listed domestic companies (current US$),CM.MKT.LCAP.CD,,,,,,,,,,,,,,,,,,,,,,,,,,,,,,,,,,,,,,,,,,,,,,,,,,,,,,,,,,,,,
Morocco,MAR,Market capitalization of listed domestic companies (current US$),CM.MKT.LCAP.CD,,,,,,,,,,,,,,,,,,,,,,,,,,,,,,,,,,,,,,,,,,,,,,,,,,,69152110000,60087890000,52479840000,53831380000,52746800000,45927920000,57579718868,67048480000,61080780000,65415260000,65574810000
Monaco,MCO,Market capitalization of listed domestic companies (current US$),CM.MKT.LCAP.CD,,,,,,,,,,,,,,,,,,,,,,,,,,,,,,,,,,,,,,,,,,,,,,,,,,,,,,,,,,,,,
Moldova,MDA,Market capitalization of listed domestic companies (current US$),CM.MKT.LCAP.CD,,,,,,,,,,,,,,,,,,,,,,,,,,,,,,,,,,,,,,,,,,,,,,,,,,,,,,,,,,,,,
Madagascar,MDG,Market capitalization of listed domestic companies (current US$),CM.MKT.LCAP.CD,,,,,,,,,,,,,,,,,,,,,,,,,,,,,,,,,,,,,,,,,,,,,,,,,,,,,,,,,,,,,
Maldives,MDV,Market capitalization of listed domestic companies (current US$),CM.MKT.LCAP.CD,,,,,,,,,,,,,,,,,,,,,,,,,,,,,,,,,,,,,,,,,,,,,,,,,,,,,,,,,,,,,
Middle East & North Africa,MEA,Market capitalization of listed domestic companies (current US$),CM.MKT.LCAP.CD,,,,,,,,,,,,,,,,,,,,,,,,,,,,,,,,,,,,,,,,,,,,,,,,,,8.86056E+11,1.06192E+12,9.01319E+11,9.12211E+11,1.55428E+12,1.42309E+12,1.40397E+12,1.31883E+12,1.36187E+12,1.41543E+12,3.68984E+12,4.66579E+12
Mexico,MEX,Market capitalization of listed domestic companies (current US$),CM.MKT.LCAP.CD,,,,,,,,,,,,,,,,470000000,800000000,,738000000,1197000000,1299000000,1010000000,1720000000,3030000000,3660000000,3910000000,5520000000,9050000000,15200000000,27080000000,41050000000,1.0276E+11,1.38744E+11,2.00865E+11,1.30246E+11,90693960000,1.0677E+11,1.56595E+11,91745800000,1.54044E+11,1.25204E+11,1.26258E+11,1.03941E+11,1.22533E+11,1.71402E+11,2.39128E+11,3.48345E+11,3.97725E+11,2.34055E+11,3.52045E+11,4.54345E+11,4.0869E+11,5.25057E+11,5.26016E+11,4.80245E+11,4.02253E+11,3.5081E+11,4.17021E+11,3.85051E+11,4.13619E+11,3.99617E+11
Marshall Islands,MHL,Market capitalization of listed domestic companies (current US$),CM.MKT.LCAP.CD,,,,,,,,,,,,,,,,,,,,,,,,,,,,,,,,,,,,,,,,,,,,,,,,,,,,,,,,,,,,,
Middle income,MIC,Market capitalization of listed domestic companies (current US$),CM.MKT.LCAP.CD,,,,,,,,,,,,,,,,,,,,,,,,,,,,,,,,,,,,,,,,,,,,1.97234E+12,2.5153E+12,3.18524E+12,5.06716E+12,1.09718E+13,4.99862E+12,9.8898E+12,1.21842E+13,1.01781E+13,1.12001E+13,1.12452E+13,1.30115E+13,1.42038E+13,1.41721E+13,1.75309E+13,1.40484E+13,1.73904E+13,2.20027E+13
North Macedonia,MKD,Market capitalization of listed domestic companies (current US$),CM.MKT.LCAP.CD,,,,,,,,,,,,,,,,,,,,,,,,,,,,,,,,,,,,,,,,,,,,,,,,,,,,,,,,,,,,,
Mali,MLI,Market capitalization of listed domestic companies (current US$),CM.MKT.LCAP.CD,,,,,,,,,,,,,,,,,,,,,,,,,,,,,,,,,,,,,,,,,,,,,,,,,,,,,,,,,,,,,
Malta,MLT,Market capitalization of listed domestic companies (current US$),CM.MKT.LCAP.CD,,,,,,,,,,,,,,,,,,,,,,,,,,,,,,,,,,,,,,,,,2024330000,1356870000,1373720000,1850380000,2839820000,4072500000,4503560000,5633400000,3576270000,4080300000,4193520000,3428910000,3631500000,4249190000,3641750000,4405320000,4433149739,5171190000,5053840000,5315940000,5080650000
Myanmar,MMR,Market capitalization of listed domestic companies (current US$),CM.MKT.LCAP.CD,,,,,,,,,,,,,,,,,,,,,,,,,,,,,,,,,,,,,,,,,,,,,,,,,,,,,,,,,,,,,
Middle East & North Africa (excluding high income),MNA,Market capitalization of listed domestic companies (current US$),CM.MKT.LCAP.CD,,,,,,,,,,,,,,,,,,,,,,,,,,,,,,,,,,,,,,,,,,,,,,,,,1.82081E+11,1.97533E+11,2.96839E+11,2.64899E+11,2.4173E+11,5.09695E+11,2.88451E+11,2.39684E+11,2.40862E+11,2.68551E+11,2.91485E+11,,1.36225E+12
Montenegro,MNE,Market capitalization of listed domestic companies (current US$),CM.MKT.LCAP.CD,,,,,,,,,,,,,,,,,,,,,,,,,,,,,,,,,,,,,,,,,,,,,,,,,3468290000,,3222750000,3509110000,3787240000,,,,,,,,
Mongolia,MNG,Market capitalization of listed domestic companies (current US$),CM.MKT.LCAP.CD,,,,,,,,,,,,,,,,,,,,,,,,,,,,,,,,,,,,,,,,,,,,,,,,,,,,,,,,,,,,,
Northern Mariana Islands,MNP,Market capitalization of listed domestic companies (current US$),CM.MKT.LCAP.CD,,,,,,,,,,,,,,,,,,,,,,,,,,,,,,,,,,,,,,,,,,,,,,,,,,,,,,,,,,,,,
Mozambique,MOZ,Market capitalization of listed domestic companies (current US$),CM.MKT.LCAP.CD,,,,,,,,,,,,,,,,,,,,,,,,,,,,,,,,,,,,,,,,,,,,,,,,,,,,,,,,,,,,,
Mauritania,MRT,Market capitalization of listed domestic companies (current US$),CM.MKT.LCAP.CD,,,,,,,,,,,,,,,,,,,,,,,,,,,,,,,,,,,,,,,,,,,,,,,,,,,,,,,,,,,,,
Mauritius,MUS,Market capitalization of listed domestic companies (current US$),CM.MKT.LCAP.CD,,,,,,,,,,,,,,,,,,,,,,,,,,,,,,,,,,700390000,1321630000,1337250000,1485040000,1524200000,1702170000,1521820000,1242680000,978110000,1190490000,1895490000,2118950000,2326320000,4958510000,7919080000,4661990000,6582050000,7752770000,7845150000,7180100000,8942350000,8751020000,7238550000,7568297309,9742920000,9847530000,8615770000,6159610000
Malawi,MWI,Market capitalization of listed domestic companies (current US$),CM.MKT.LCAP.CD,,,,,,,,,,,,,,,,,,,,,,,,,,,,,,,,,,,,,,,,,,,,,,,,,,,,,,,,,,,,,
Malaysia,MYS,Market capitalization of listed domestic companies (current US$),CM.MKT.LCAP.CD,,,,,,,,,,,,,,,,,,,,,,15298580000,13877610000,22699050000,19333650000,24153930000,14861230000,18252570000,23056220000,39696180000,47868790000,56721200000,89008100000,2.14727E+11,1.84024E+11,2.13756E+11,3.06164E+11,93230310000,95561430000,1.39908E+11,1.13156E+11,1.18981E+11,1.25778E+11,1.60814E+11,1.81624E+11,1.80518E+11,2.35581E+11,3.2529E+11,1.89239E+11,2.89219E+11,4.08689E+11,3.95624E+11,4.66588E+11,5.00387E+11,4.59004E+11,3.82977E+11,3.59788E+11,4.55772E+11,3.98019E+11,4.03957E+11,4.36538E+11
North America,NAC,Market capitalization of listed domestic companies (current US$),CM.MKT.LCAP.CD,,,,,,,,,,,,,,,,7.038E+11,8.831E+11,1.00818E+12,1.04165E+12,1.23254E+12,1.6455E+12,1.26356E+12,1.66396E+12,2.06667E+12,1.84879E+12,2.59374E+12,2.87484E+12,2.93737E+12,3.22675E+12,3.92563E+12,3.55213E+12,4.66823E+12,5.00379E+12,5.8466E+12,5.71346E+12,7.62377E+12,9.36029E+12,1.17807E+13,1.40045E+13,1.62257E+13,1.58807E+13,1.46015E+13,1.19453E+13,1.51794E+13,1.75031E+13,1.84852E+13,2.12724E+13,2.21116E+13,1.26258E+13,1.67561E+13,1.94562E+13,1.75548E+13,2.07298E+13,2.61501E+13,2.84276E+13,2.66628E+13,2.93482E+13,3.44905E+13,3.23766E+13,3.63029E+13,4.33613E+13
Namibia,NAM,Market capitalization of listed domestic companies (current US$),CM.MKT.LCAP.CD,,,,,,,,,,,,,,,,,,,,,,,,,,,,,,,,,,27800000,196300000,189110000,473610000,689260000,427520000,666990000,303290000,150500000,82950000,68961050,92229400,121337800,157789470,173587290,48666880,31091010,1176270,1152430,,,,,2336939067,2915230554,2461910000,2609010000,1867170000
New Caledonia,NCL,Market capitalization of listed domestic companies (current US$),CM.MKT.LCAP.CD,,,,,,,,,,,,,,,,,,,,,,,,,,,,,,,,,,,,,,,,,,,,,,,,,,,,,,,,,,,,,
Niger,NER,Market capitalization of listed domestic companies (current US$),CM.MKT.LCAP.CD,,,,,,,,,,,,,,,,,,,,,,,,,,,,,,,,,,,,,,,,,,,,,,,,,,,,,,,,,,,,,
Nigeria,NGA,Market capitalization of listed domestic companies (current US$),CM.MKT.LCAP.CD,,,,,,,,,,,,,,,,,,,,,,,,,,,,,,,,,,2142500000,2977300000,7777200000,12714500000,12559050000,10321670000,2939580000,,,2373940000,,15865940000,22244000000,32830510000,84894570000,48062280000,32223400000,50546400000,39028390000,56205200000,80609900000,62766310000,49973880000,29792434000,37217620000,31520550000,43921600000,56569030000
Nicaragua,NIC,Market capitalization of listed domestic companies (current US$),CM.MKT.LCAP.CD,,,,,,,,,,,,,,,,,,,,,,,,,,,,,,,,,,,,,,,,,,,,,,,,,,,,,,,,,,,,,
Netherlands,NLD,Market capitalization of listed domestic companies (current US$),CM.MKT.LCAP.CD,,,,,,,,,,,,,,,,18300020000,20199990000,22518250000,26576140000,29197590000,29359340000,21847680000,25712710000,33741560000,35425550000,59362550000,83713670000,87105490000,1.08099E+11,1.54466E+11,1.19825E+11,1.69097E+11,1.70744E+11,1.81754E+11,2.24E+11,2.86651E+11,3.75358E+11,4.68631E+11,6.03182E+11,6.94055E+11,6.40456E+11,5.03023E+11,4.01268E+11,4.88647E+11,5.38664E+11,5.92836E+11,7.79543E+11,9.56158E+11,3.88721E+11,5.59195E+11,6.61099E+11,5.94637E+11,6.50811E+11,8.1784E+11,7.86574E+11,7.28486E+11,8.05724E+11,1.10011E+12,,,
Norway,NOR,Market capitalization of listed domestic companies (current US$),CM.MKT.LCAP.CD,,,,,,,,,,,,,,,,,,,,,,3334430000,2395630000,4585350000,57926160000,10062640000,10108300000,11888020000,15755770000,25285260000,26129830000,21997200000,17840400000,27371140000,36459340000,44586980000,56877690000,66509410000,46420920000,63699920000,65774110000,69465400000,64169760000,95919910000,1.4143E+11,1.91079E+11,2.80851E+11,3.5492E+11,1.45906E+11,2.27233E+11,2.95288E+11,2.20936E+11,2.42765E+11,2.65377E+11,2.1937E+11,1.93896E+11,2.31257E+11,2.87192E+11,2.67382E+11,2.95549E+11,
Nepal,NPL,Market capitalization of listed domestic companies (current US$),CM.MKT.LCAP.CD,,,,,,,,,,,,,,,,,,,,,,,,,,,,,,,,,,,,,,,,,,,,,,,,,,,,,,,,,,,,,
Nauru,NRU,Market capitalization of listed domestic companies (current US$),CM.MKT.LCAP.CD,,,,,,,,,,,,,,,,,,,,,,,,,,,,,,,,,,,,,,,,,,,,,,,,,,,,,,,,,,,,,
New Zealand,NZL,Market capitalization of listed domestic companies (current US$),CM.MKT.LCAP.CD,,,,,,,,,,,,,,,,,,,,,,,,,,8785860000,22215470000,15653890000,13448730000,13487070000,8823770000,14298000000,15324000000,25620870000,27117660000,31373000000,38290580000,30509230000,24783940000,28351500000,18613210000,17821780000,21761620000,33049760000,43731330000,40592460000,44816540000,47485600000,24209610000,35506850000,,,52870100000,65961560000,74415690000,74350500000,80048458702,94691280000,86132630000,1.0788E+11,1.32198E+11
OECD members,OED,Market capitalization of listed domestic companies (current US$),CM.MKT.LCAP.CD,,,,,,,,,,,,,,,,1.11474E+12,1.2995E+12,1.32177E+12,1.47383E+12,1.87172E+12,2.40252E+12,2.17738E+12,2.57631E+12,3.19884E+12,3.17774E+12,4.55769E+12,6.26604E+12,7.52926E+12,9.19204E+12,1.09758E+13,9.09372E+12,1.07497E+13,1.01692E+13,1.25399E+13,1.33325E+13,1.58209E+13,1.79616E+13,2.06153E+13,2.33424E+13,3.1276E+13,2.88924E+13,2.50707E+13,2.11077E+13,2.79646E+13,3.26269E+13,3.57922E+13,4.26246E+13,4.59843E+13,2.5622E+13,3.42638E+13,3.82234E+13,3.41022E+13,3.94992E+13,4.84328E+13,4.9131E+13,4.31444E+13,4.59206E+13,5.55235E+13,4.89603E+13,5.22205E+13,6.08203E+13
Oman,OMN,Market capitalization of listed domestic companies (current US$),CM.MKT.LCAP.CD,,,,,,,,,,,,,,,,,,,,,,,,,,,,,,,,,,1611300000,2133000000,2378600000,3043640000,7495580000,4391690000,4177360000,4177360000,4063100000,,,9434910000,15268930000,16103990000,26682250000,20588940000,22468970000,28315950000,26863320000,30291300000,36766600000,37830490000,41123170000,23285264254,21298880000,18782400000,17119480000,16480520000
Other small states,OSS,Market capitalization of listed domestic companies (current US$),CM.MKT.LCAP.CD,,,,,,,,,,,,,,,,,,,,,,,,,,,,,,,,,,,,,,,,,,,,,,,,,,,,,,,,,,,,,
Pakistan,PAK,Market capitalization of listed domestic companies (current US$),CM.MKT.LCAP.CD,,,,,,,,,,,,,,,,,,,,,,,,,,,,,,,,,,12651700000,12927800000,9459210000,11660460000,11805320000,5418610000,7007800000,6624600000,4903400000,,,45595630000,45317280000,44906480000,69715390000,23354040000,31886980000,38007180000,32567930000,,,,,,,,,
Panama,PAN,Market capitalization of listed domestic companies (current US$),CM.MKT.LCAP.CD,,,,,,,,,,,,,,,,,,,,,,,,,,,,,,,,,,436000000,761600000,831000000,1279510000,2175150000,3817400000,3482000000,2794000000,2602100000,3094500000,3220000000,4202600000,5962800000,7151400000,7203300000,7065200000,7722500000,8348000000,10681700000,12544000000,12570000000,13755890000,13174310000,13563970000,15023710000,15647730000,17274000000,13938450000
Peru,PER,Market capitalization of listed domestic companies (current US$),CM.MKT.LCAP.CD,,,,,,,,,,,,,,,,,,,,,,,,,,,,,,,,,,,,,,15495960000,9868500000,12091970000,9749910000,9790330000,11441440000,14125030000,18073730000,24139720000,40021560000,69386470000,37876760000,71662540000,1.03347E+11,81878190000,1.02617E+11,80977520000,78839860000,56555700000,81088973557,99217960000,93385360000,98964960000,87092130000
Philippines,PHL,Market capitalization of listed domestic companies (current US$),CM.MKT.LCAP.CD,,,,,,,,,,,,,,,,,,,,,,,,,,,,,,,,,,,,,80648630000,31360600000,35297040000,42177840000,25980660000,21245370000,18507430000,23175720000,28601910000,39798720000,67851740000,1.02853E+11,52030600000,86349430000,1.57321E+11,1.65066E+11,2.29317E+11,2.1732E+11,2.61841E+11,2.3882E+11,2.39738E+11,2.90401E+11,2.58156E+11,2.75302E+11,2.7279E+11
Palau,PLW,Market capitalization of listed domestic companies (current US$),CM.MKT.LCAP.CD,,,,,,,,,,,,,,,,,,,,,,,,,,,,,,,,,,,,,,,,,,,,,,,,,,,,,,,,,,,,,
Papua New Guinea,PNG,Market capitalization of listed domestic companies (current US$),CM.MKT.LCAP.CD,,,,,,,,,,,,,,,,,,,,,,,,,,,,,,,,,,,,,,,,,,,,2962560000,3825030000,6138410000,7744350000,12960830000,11181680000,17514140000,11027250000,12592450000,,2931950000,3310540000,1718860000,1643140000,1681580000,,,
Poland,POL,Market capitalization of listed domestic companies (current US$),CM.MKT.LCAP.CD,,,,,,,,,,,,,,,,,,,,,,,,,,,,,,,,,,,,4564210000,8373690000,12134750000,20460970000,29576810000,31279370000,26016650000,28380430000,37020270000,70530890000,94028510000,1.48849E+11,2.1162E+11,90815490000,1.50962E+11,1.90706E+11,1.38244E+11,1.77408E+11,2.04543E+11,1.68896E+11,1.3777E+11,1.38691E+11,2.01393E+11,1.60483E+11,1.51619E+11,1.77508E+11
Pre-demographic dividend,PRE,Market capitalization of listed domestic companies (current US$),CM.MKT.LCAP.CD,,,,,,,,,,,,,,,,,,,,,,,,,,,,,,,,,,,,,,,,,,,,,,,,,,,,,,,,,,,,,
Puerto Rico,PRI,Market capitalization of listed domestic companies (current US$),CM.MKT.LCAP.CD,,,,,,,,,,,,,,,,,,,,,,,,,,,,,,,,,,,,,,,,,,,,,,,,,,,,,,,,,,,,,
"Korea, Dem. People's Rep.",PRK,Market capitalization of listed domestic companies (current US$),CM.MKT.LCAP.CD,,,,,,,,,,,,,,,,,,,,,,,,,,,,,,,,,,,,,,,,,,,,,,,,,,,,,,,,,,,,,
Portugal,PRT,Market capitalization of listed domestic companies (current US$),CM.MKT.LCAP.CD,,,,,,,,,,,,,,,,,,,,,,,,,,,,,,,,,,,,,,38953480000,62954000000,68147740000,60680690000,46337810000,42845350000,58284740000,70240380000,66973400000,1.04187E+11,1.32239E+11,68876020000,98247200000,81996700000,61689890000,65519040000,79177900000,57774190000,59837190000,57255223905,75589628812,61933604857,,
Paraguay,PRY,Market capitalization of listed domestic companies (current US$),CM.MKT.LCAP.CD,,,,,,,,,,,,,,,,,,,,,,,,,,,,,,,,,,,,,387540000,423720000,366720000,312800000,,,,,,,,,,,,,,,,,,,,,
West Bank and Gaza,PSE,Market capitalization of listed domestic companies (current US$),CM.MKT.LCAP.CD,,,,,,,,,,,,,,,,,,,,,,,,,,,,,,,,,,,,,,,,602320000,453100000,512320000,418350000,461180000,777420000,3161510000,1933360000,1753310000,1820560000,2375360000,2449900000,2782470000,2859140000,3247480000,3187260000,3339200000,3390120000,3891490000,3734920000,3757500000,3446910000
Pacific island small states,PSS,Market capitalization of listed domestic companies (current US$),CM.MKT.LCAP.CD,,,,,,,,,,,,,,,,,,,,,,,,,,,,,,,,,,,,,,,,,,,,,,,,,,,,,,,,,,,,,
Post-demographic dividend,PST,Market capitalization of listed domestic companies (current US$),CM.MKT.LCAP.CD,,,,,,,,,,,,,,,,1.12237E+12,1.3104E+12,1.3323E+12,1.48602E+12,1.90381E+12,2.45984E+12,2.24319E+12,2.59209E+12,3.2258E+12,3.20382E+12,4.59181E+12,6.3211E+12,7.58005E+12,9.26984E+12,1.1054E+13,9.16205E+12,1.0774E+13,1.01894E+13,1.27218E+13,1.34816E+13,1.60468E+13,1.83154E+13,2.07391E+13,2.34755E+13,3.15804E+13,2.92396E+13,2.53084E+13,2.13612E+13,2.83659E+13,3.30554E+13,3.62058E+13,4.35463E+13,4.76786E+13,2.64289E+13,3.5727E+13,3.98688E+13,3.55351E+13,4.12306E+13,5.05546E+13,5.15552E+13,4.56218E+13,4.84734E+13,5.90551E+13,5.21509E+13,5.65386E+13,6.62817E+13
French Polynesia,PYF,Market capitalization of listed domestic companies (current US$),CM.MKT.LCAP.CD,,,,,,,,,,,,,,,,,,,,,,,,,,,,,,,,,,,,,,,,,,,,,,,,,,,,,,,,,,,,,
Qatar,QAT,Market capitalization of listed domestic companies (current US$),CM.MKT.LCAP.CD,,,,,,,,,,,,,,,,,,,,,,,,,,,,,,,,,,,,,,,,,,,,,,,,95506240000,76530570000,,,,,1.52576E+11,1.8586E+11,1.42556E+11,1.54824E+11,1.3061E+11,1.63047E+11,1.60051E+11,1.65394E+11
Romania,ROU,Market capitalization of listed domestic companies (current US$),CM.MKT.LCAP.CD,,,,,,,,,,,,,,,,,,,,,,,,,,,,,,,,,,,,,,,356590000,313690000,363790000,1103100000,2489000000,3403000000,10964000000,15857840000,25234970000,30642040000,15149440000,13072970000,14200970000,14023920000,,24574280000,22386840000,18539110000,18072690000,23621180000,20853790000,26110300000,25513180000
Russian Federation,RUS,Market capitalization of listed domestic companies (current US$),CM.MKT.LCAP.CD,,,,,,,,,,,,,,,,,,,,,,,,,,,,,,,,,,,,,,,,,,,,,,,,,,7.61736E+11,9.51296E+11,7.83555E+11,8.2534E+11,7.70657E+11,3.85927E+11,3.93238E+11,6.22052E+11,6.23425E+11,5.76116E+11,7.91519E+11,6.94739E+11
Rwanda,RWA,Market capitalization of listed domestic companies (current US$),CM.MKT.LCAP.CD,,,,,,,,,,,,,,,,,,,,,,,,,,,,,,,,,,,,,,,,,,,,,,,,,,,,,,,,,,,,3214220000,
South Asia,SAS,Market capitalization of listed domestic companies (current US$),CM.MKT.LCAP.CD,,,,,,,,,,,,,,,,,,,,,,,,,,,,,,,,,,,,,,,,,2.35539E+11,1.55985E+11,1.88758E+11,3.11706E+11,4.64797E+11,6.79076E+11,9.51796E+11,2.04786E+12,8.30669E+11,1.42967E+12,1.86201E+12,1.3443E+12,1.40739E+12,1.33503E+12,1.77883E+12,1.83146E+12,1.8354E+12,2.66113E+12,2.37528E+12,2.36706E+12,2.70122E+12
Saudi Arabia,SAU,Market capitalization of listed domestic companies (current US$),CM.MKT.LCAP.CD,,,,,,,,,,,,,,,,,,,,,,,,,,,,,,,,,,,,,,,,,,,,,,,,,,3.18734E+11,3.5341E+11,3.38873E+11,3.73375E+11,4.67366E+11,4.83116E+11,4.2106E+11,4.48831E+11,4.51379E+11,4.96353E+11,2.40682E+12,2.4291E+12
Sudan,SDN,Market capitalization of listed domestic companies (current US$),CM.MKT.LCAP.CD,,,,,,,,,,,,,,,,,,,,,,,,,,,,,,,,,,,,,,,,,,,,,,,,,,,,,,,,,,,,,
Senegal,SEN,Market capitalization of listed domestic companies (current US$),CM.MKT.LCAP.CD,,,,,,,,,,,,,,,,,,,,,,,,,,,,,,,,,,,,,,,,,,,,,,,,,,,,,,,,,,,,,
Singapore,SGP,Market capitalization of listed domestic companies (current US$),CM.MKT.LCAP.CD,,,,,,,,,,,,,,,,,,,,13609730000,24417910000,34807650000,11732560000,15525340000,12246510000,11069260000,16620000000,17876810000,24011770000,35924510000,34268500000,47593400000,48933600000,1.32668E+11,1.34089E+11,1.48004E+11,1.50044E+11,1.04438E+11,94986670000,1.92983E+11,1.52826E+11,1.15689E+11,1.01486E+11,1.48503E+11,2.17495E+11,2.5734E+11,3.84286E+11,5.39177E+11,2.64974E+11,4.81247E+11,6.47226E+11,5.98273E+11,7.65078E+11,7.44413E+11,7.52831E+11,6.39956E+11,6.40428E+11,7.87255E+11,6.87257E+11,6.97271E+11,6.52615E+11
Solomon Islands,SLB,Market capitalization of listed domestic companies (current US$),CM.MKT.LCAP.CD,,,,,,,,,,,,,,,,,,,,,,,,,,,,,,,,,,,,,,,,,,,,,,,,,,,,,,,,,,,,,
Sierra Leone,SLE,Market capitalization of listed domestic companies (current US$),CM.MKT.LCAP.CD,,,,,,,,,,,,,,,,,,,,,,,,,,,,,,,,,,,,,,,,,,,,,,,,,,,,,,,,,,,,,
El Salvador,SLV,Market capitalization of listed domestic companies (current US$),CM.MKT.LCAP.CD,,,,,,,,,,,,,,,,,,,,,,,,,,,,,,,,,,,,,,,,,,,,,,,,,,,,,,,,,,,,,
San Marino,SMR,Market capitalization of listed domestic companies (current US$),CM.MKT.LCAP.CD,,,,,,,,,,,,,,,,,,,,,,,,,,,,,,,,,,,,,,,,,,,,,,,,,,,,,,,,,,,,,
Somalia,SOM,Market capitalization of listed domestic companies (current US$),CM.MKT.LCAP.CD,,,,,,,,,,,,,,,,,,,,,,,,,,,,,,,,,,,,,,,,,,,,,,,,,,,,,,,,,,,,,
Serbia,SRB,Market capitalization of listed domestic companies (current US$),CM.MKT.LCAP.CD,,,,,,,,,,,,,,,,,,,,,,,,,,,,,,,,,,,,,,,,,,,,1426600000,3259900000,6996610000,15863160000,29602760000,15334920000,14292890000,4158360000,4055580000,,,,,,,,,
Sub-Saharan Africa (excluding high income),SSA,Market capitalization of listed domestic companies (current US$),CM.MKT.LCAP.CD,,,,,,,,,,,,,,,,,,,,,,,,,,,,,,,,,,,2.71273E+11,2.93736E+11,2.64414E+11,2.50929E+11,1.88339E+11,2.71134E+11,,,,,4.68922E+11,,7.68622E+11,,,,,,,,,,,,,,
South Sudan,SSD,Market capitalization of listed domestic companies (current US$),CM.MKT.LCAP.CD,,,,,,,,,,,,,,,,,,,,,,,,,,,,,,,,,,,,,,,,,,,,,,,,,,,,,,,,,,,,,
Sub-Saharan Africa,SSF,Market capitalization of listed domestic companies (current US$),CM.MKT.LCAP.CD,,,,,,,,,,,,,,,,,,,,,,,,,,,,,,,,,,,2.71273E+11,2.93736E+11,2.64414E+11,2.50929E+11,1.88339E+11,2.71134E+11,,,,,4.68922E+11,,7.68622E+11,,,,,,,,,,,,,,
Small states,SST,Market capitalization of listed domestic companies (current US$),CM.MKT.LCAP.CD,,,,,,,,,,,,,,,,,,,,,,,,,,,,,,,,,,,,,,,,,,,,,,,,,,,,,,,,,,,,,
Sao Tome and Principe,STP,Market capitalization of listed domestic companies (current US$),CM.MKT.LCAP.CD,,,,,,,,,,,,,,,,,,,,,,,,,,,,,,,,,,,,,,,,,,,,,,,,,,,,,,,,,,,,,
Suriname,SUR,Market capitalization of listed domestic companies (current US$),CM.MKT.LCAP.CD,,,,,,,,,,,,,,,,,,,,,,,,,,,,,,,,,,,,,,,,,,,,,,,,,,,,,,,,,,,,,
Slovak Republic,SVK,Market capitalization of listed domestic companies (current US$),CM.MKT.LCAP.CD,,,,,,,,,,,,,,,,,,,,,,,,,,,,,,,,,,2625990000,2935790000,1201900000,1209750000,1359710000,650480000,459970000,436180000,543500000,926730000,1294840000,2409060000,2457950000,5831440000,6910820000,5381080000,5091820000,4166890000,5430820000,5397300000,5615570000,5376960000,,,,,,
Slovenia,SVN,Market capitalization of listed domestic companies (current US$),CM.MKT.LCAP.CD,,,,,,,,,,,,,,,,,,,,,,,,,,,,,,,,,,,,,,1875520000,2984930000,2854000000,3099650000,3461290000,5577900000,7134130000,9676810000,7898880000,15181750000,28859820000,11799390000,12140920000,9428350000,6325860000,6474850000,7128430000,7519360000,6034990000,5262429994,6318340000,7266520000,7923300000,8448550000
Sweden,SWE,Market capitalization of listed domestic companies (current US$),CM.MKT.LCAP.CD,,,,,,,,,,,,,,,,2200010000,2600010000,7600940000,10224760000,10676110000,12909710000,17215760000,18596750000,30244970000,25674080000,37295710000,63355090000,70377220000,99675170000,1.19239E+11,92014740000,97055300000,78079270000,1.0051E+11,1.1926E+11,1.7255E+11,2.40382E+11,2.6471E+11,2.78707E+11,3.73278E+11,3.28339E+11,2.36514E+11,1.79117E+11,2.89877E+11,,,,,,,,,,,,,,,,,
Eswatini,SWZ,Market capitalization of listed domestic companies (current US$),CM.MKT.LCAP.CD,,,,,,,,,,,,,,,,,,,,,,,,,,,,,,,,,,,338600000,338860000,471190000,129460000,85040000,94830000,73030000,127100000,147770000,172250000,222040000,196330000,197500000,234260000,,,,,,,,,,,,,
Sint Maarten (Dutch part),SXM,Market capitalization of listed domestic companies (current US$),CM.MKT.LCAP.CD,,,,,,,,,,,,,,,,,,,,,,,,,,,,,,,,,,,,,,,,,,,,,,,,,,,,,,,,,,,,,
Seychelles,SYC,Market capitalization of listed domestic companies (current US$),CM.MKT.LCAP.CD,,,,,,,,,,,,,,,,,,,,,,,,,,,,,,,,,,,,,,,,,,,,,,,,,,,,,,,,,,,,1136540000,
Syrian Arab Republic,SYR,Market capitalization of listed domestic companies (current US$),CM.MKT.LCAP.CD,,,,,,,,,,,,,,,,,,,,,,,,,,,,,,,,,,,,,,,,,,,,,,,,,,,,,,,,,,,,,
Turks and Caicos Islands,TCA,Market capitalization of listed domestic companies (current US$),CM.MKT.LCAP.CD,,,,,,,,,,,,,,,,,,,,,,,,,,,,,,,,,,,,,,,,,,,,,,,,,,,,,,,,,,,,,
Chad,TCD,Market capitalization of listed domestic companies (current US$),CM.MKT.LCAP.CD,,,,,,,,,,,,,,,,,,,,,,,,,,,,,,,,,,,,,,,,,,,,,,,,,,,,,,,,,,,,,
East Asia & Pacific (IDA & IBRD countries),TEA,Market capitalization of listed domestic companies (current US$),CM.MKT.LCAP.CD,,,,,,,,,,,,,,,,,,,,,,,,,,,,,,,,,,,,,,,,,,,,8.73608E+11,8.50412E+11,8.3362E+11,1.73568E+12,5.32879E+12,2.24549E+12,4.39144E+12,5.27985E+12,4.66995E+12,5.24796E+12,5.41595E+12,7.63408E+12,9.57234E+12,8.85385E+12,1.06539E+13,8.10121E+12,1.04371E+13,1.41491E+13
Europe & Central Asia (IDA & IBRD countries),TEC,Market capitalization of listed domestic companies (current US$),CM.MKT.LCAP.CD,,,,,,,,,,,,,,,,,,,,,,,,,,,,,,,,,,,,,,,,,,,,,,,,,,1.23494E+12,1.56457E+12,1.21947E+12,1.34528E+12,1.26528E+12,8.52803E+11,7.97968E+11,1.01661E+12,1.14947E+12,9.68646E+11,1.23765E+12,1.22038E+12
Togo,TGO,Market capitalization of listed domestic companies (current US$),CM.MKT.LCAP.CD,,,,,,,,,,,,,,,,,,,,,,,,,,,,,,,,,,,,,,,,,,,,,,,,,,,,,,,,,,,,,
Thailand,THA,Market capitalization of listed domestic companies (current US$),CM.MKT.LCAP.CD,,,,,,,,,,,,,,,,,,,,,,,,,,,,,,23085060000,20453640000,38069100000,57278300000,1.28119E+11,1.271E+11,1.40278E+11,96697310000,22886210000,34252430000,57176550000,29217400000,35943180000,45504360000,1.19017E+11,1.1539E+11,1.23885E+11,1.40161E+11,1.97129E+11,1.03128E+11,1.76956E+11,2.77732E+11,2.68489E+11,3.89756E+11,3.54367E+11,4.30427E+11,3.48798E+11,4.32956E+11,5.48795E+11,5.00741E+11,5.69228E+11,5.43165E+11
Tajikistan,TJK,Market capitalization of listed domestic companies (current US$),CM.MKT.LCAP.CD,,,,,,,,,,,,,,,,,,,,,,,,,,,,,,,,,,,,,,,,,,,,,,,,,,,,,,,,,,,,,
Turkmenistan,TKM,Market capitalization of listed domestic companies (current US$),CM.MKT.LCAP.CD,,,,,,,,,,,,,,,,,,,,,,,,,,,,,,,,,,,,,,,,,,,,,,,,,,,,,,,,,,,,,
Latin America & the Caribbean (IDA & IBRD countries),TLA,Market capitalization of listed domestic companies (current US$),CM.MKT.LCAP.CD,,,,,,,,,,,,,,,,,,,,,,,,,,,,,,,,,,,,,,,,,4.85956E+11,4.29406E+11,3.21653E+11,4.96479E+11,6.83101E+11,9.79972E+11,1.38951E+12,2.21814E+12,1.13224E+12,2.18714E+12,2.73115E+12,2.25186E+12,2.47735E+12,2.16626E+12,1.86236E+12,1.30321E+12,1.59331E+12,2.02329E+12,1.82594E+12,2.11043E+12,1.79349E+12
Timor-Leste,TLS,Market capitalization of listed domestic companies (current US$),CM.MKT.LCAP.CD,,,,,,,,,,,,,,,,,,,,,,,,,,,,,,,,,,,,,,,,,,,,,,,,,,,,,,,,,,,,,
Middle East & North Africa (IDA & IBRD countries),TMN,Market capitalization of listed domestic companies (current US$),CM.MKT.LCAP.CD,,,,,,,,,,,,,,,,,,,,,,,,,,,,,,,,,,,,,,,,,,,,,,,,,1.8026E+11,1.95157E+11,2.94389E+11,2.62116E+11,2.3887E+11,5.06448E+11,2.85264E+11,2.36344E+11,2.37472E+11,2.6466E+11,2.8775E+11,,1.3588E+12
Tonga,TON,Market capitalization of listed domestic companies (current US$),CM.MKT.LCAP.CD,,,,,,,,,,,,,,,,,,,,,,,,,,,,,,,,,,,,,,,,,,,,,,,,,,,,,,,,,,,,,
South Asia (IDA & IBRD),TSA,Market capitalization of listed domestic companies (current US$),CM.MKT.LCAP.CD,,,,,,,,,,,,,,,,,,,,,,,,,,,,,,,,,,,,,,,,,2.35539E+11,1.55985E+11,1.88758E+11,3.11706E+11,4.64797E+11,6.79076E+11,9.51796E+11,2.04786E+12,8.30669E+11,1.42967E+12,1.86201E+12,1.3443E+12,1.40739E+12,1.33503E+12,1.77883E+12,1.83146E+12,1.8354E+12,2.66113E+12,2.37528E+12,2.36706E+12,2.70122E+12
Sub-Saharan Africa (IDA & IBRD countries),TSS,Market capitalization of listed domestic companies (current US$),CM.MKT.LCAP.CD,,,,,,,,,,,,,,,,,,,,,,,,,,,,,,,,,,,2.71273E+11,2.93736E+11,2.64414E+11,2.50929E+11,1.88339E+11,2.71134E+11,,,,,4.68922E+11,,7.68622E+11,,,,,,,,,,,,,,
Trinidad and Tobago,TTO,Market capitalization of listed domestic companies (current US$),CM.MKT.LCAP.CD,,,,,,,,,,,,,,,,,,,,,,,,,,,,,,,,,,,,,,,,,3418490000,3889100000,,,,,,,,,,,,,,,,,,,
Tunisia,TUN,Market capitalization of listed domestic companies (current US$),CM.MKT.LCAP.CD,,,,,,,,,,,,,,,,,,,,,,,,,,,,,,,,,,,,4028260000,3762020000,2237120000,2172880000,,,,,,,,,,,,10651710000,9661970000,,8600520000,8743770000,8819260000,8450200000,8922590000,8328990000,8503230000,8571710000
Turkey,TUR,Market capitalization of listed domestic companies (current US$),CM.MKT.LCAP.CD,,,,,,,,,,,,,,,,,,,,,,,,,,,,,,,,,,36612690000,21605060000,20771720000,30311800000,61095030000,33645590000,1.12716E+11,69710920000,48387990000,36043970000,68379000000,98298000000,1.59997E+11,1.60875E+11,2.84531E+11,1.17584E+11,2.31676E+11,3.02443E+11,1.97074E+11,3.15198E+11,1.95746E+11,2.19763E+11,1.88862E+11,1.71765E+11,2.27512E+11,1.49264E+11,1.84966E+11,2.37474E+11
Tuvalu,TUV,Market capitalization of listed domestic companies (current US$),CM.MKT.LCAP.CD,,,,,,,,,,,,,,,,,,,,,,,,,,,,,,,,,,,,,,,,,,,,,,,,,,,,,,,,,,,,,
Tanzania,TZA,Market capitalization of listed domestic companies (current US$),CM.MKT.LCAP.CD,,,,,,,,,,,,,,,,,,,,,,,,,,,,,,,,,,,,,,,,171390000,231480000,398100000,,,,,,,,,,,,,,,,,,,6481980000
Uganda,UGA,Market capitalization of listed domestic companies (current US$),CM.MKT.LCAP.CD,,,,,,,,,,,,,,,,,,,,,,,,,,,,,,,,,,,,,,,,,,,,,,,,,,,,,,,,,,,,,
Ukraine,UKR,Market capitalization of listed domestic companies (current US$),CM.MKT.LCAP.CD,,,,,,,,,,,,,,,,,,,,,,,,,,,,,,,,,,,,,,,,,,,,,,,,,,,38897400000,25654060000,,22049070000,12246300000,5719590000,4453290000,5198000000,4415440000,,
Upper middle income,UMC,Market capitalization of listed domestic companies (current US$),CM.MKT.LCAP.CD,,,,,,,,,,,,,,,,,,,,,,,,,,,,,,,,,,,,,,,,,,,,1.54428E+12,1.87712E+12,2.30477E+12,3.71677E+12,8.3022E+12,3.78816E+12,7.90341E+12,9.3893E+12,7.92391E+12,8.83656E+12,8.7104E+12,1.01547E+13,1.14487E+13,1.13455E+13,1.36437E+13,1.04921E+13,1.35552E+13,1.69082E+13
Uruguay,URY,Market capitalization of listed domestic companies (current US$),CM.MKT.LCAP.CD,,,,,,,,,,,,,,,,,,,,,,,,,,,,,,,,,,,,1300440000,283800000,,,,,,,,,,,,,,,,,,,,,,,,
United States,USA,Market capitalization of listed domestic companies (current US$),CM.MKT.LCAP.CD,,,,,,,,,,,,,,,,7.038E+11,8.831E+11,8.34238E+11,8.61961E+11,9.93591E+11,1.3598E+12,1.26356E+12,1.45687E+12,1.80903E+12,1.60216E+12,2.30086E+12,2.53794E+12,2.53177E+12,2.77994E+12,3.38223E+12,3.09345E+12,4.1596E+12,4.54584E+12,5.25108E+12,5.13774E+12,6.95203E+12,8.4805E+12,1.07701E+13,1.29226E+13,1.47774E+13,1.51078E+13,1.39837E+13,1.10544E+13,1.42663E+13,1.63237E+13,1.70009E+13,1.9569E+13,1.99223E+13,1.15903E+13,1.50773E+13,1.72835E+13,1.56407E+13,1.86683E+13,2.40349E+13,2.63306E+13,2.50675E+13,2.73522E+13,3.21207E+13,3.04363E+13,3.38908E+13,4.07197E+13
Uzbekistan,UZB,Market capitalization of listed domestic companies (current US$),CM.MKT.LCAP.CD,,,,,,,,,,,,,,,,,,,,,,,,,,,,,,,,,,,,,,,,,,,,,,,,,,,,,,,,,,,,,
St. Vincent and the Grenadines,VCT,Market capitalization of listed domestic companies (current US$),CM.MKT.LCAP.CD,,,,,,,,,,,,,,,,,,,,,,,,,,,,,,,,,,,,,,,,,,,,,,,,,,,,,,,,,,,,,
"Venezuela, RB",VEN,Market capitalization of listed domestic companies (current US$),CM.MKT.LCAP.CD,,,,,,,,,,,,,,,,,,,,,,,,,,,,,,,,,,7800700000,4927900000,4285060000,10063460000,14580590000,7580420000,7453750000,8100000000,6215800000,3979600000,,,,,,,,,,,,,,,,,,
British Virgin Islands,VGB,Market capitalization of listed domestic companies (current US$),CM.MKT.LCAP.CD,,,,,,,,,,,,,,,,,,,,,,,,,,,,,,,,,,,,,,,,,,,,,,,,,,,,,,,,,,,,,
Virgin Islands (U.S.),VIR,Market capitalization of listed domestic companies (current US$),CM.MKT.LCAP.CD,,,,,,,,,,,,,,,,,,,,,,,,,,,,,,,,,,,,,,,,,,,,,,,,,,,,,,,,,,,,,
Vietnam,VNM,Market capitalization of listed domestic companies (current US$),CM.MKT.LCAP.CD,,,,,,,,,,,,,,,,,,,,,,,,,,,,,,,,,,,,,,,,,,,,,,,,,12365840731,33307101456,36854988298,25961620804,36705648755,45127428285,52426688090,58734029972,73222197645,1.2531E+11,1.32653E+11,1.49817E+11,1.86009E+11
Vanuatu,VUT,Market capitalization of listed domestic companies (current US$),CM.MKT.LCAP.CD,,,,,,,,,,,,,,,,,,,,,,,,,,,,,,,,,,,,,,,,,,,,,,,,,,,,,,,,,,,,,
World,WLD,Market capitalization of listed domestic companies (current US$),CM.MKT.LCAP.CD,,,,,,,,,,,,,,,,1.14884E+12,1.334E+12,1.36101E+12,1.5245E+12,1.95633E+12,2.52574E+12,2.34272E+12,2.70243E+12,3.34077E+12,3.2875E+12,4.68498E+12,6.45561E+12,7.75967E+12,9.44225E+12,1.15366E+13,9.51911E+12,1.13408E+13,1.08193E+13,1.38974E+13,1.46399E+13,1.72637E+13,1.98067E+13,2.20298E+13,2.45552E+13,3.31812E+13,3.09254E+13,2.67922E+13,2.28028E+13,3.11074E+13,3.6541E+13,4.05124E+13,5.0075E+13,6.04561E+13,3.24185E+13,4.74713E+13,5.42595E+13,4.75213E+13,5.45032E+13,6.43678E+13,6.71773E+13,6.22682E+13,6.51177E+13,7.95019E+13,6.8893E+13,7.88256E+13,9.36862E+13
Samoa,WSM,Market capitalization of listed domestic companies (current US$),CM.MKT.LCAP.CD,,,,,,,,,,,,,,,,,,,,,,,,,,,,,,,,,,,,,,,,,,,,,,,,,,,,,,,,,,,,,
Kosovo,XKX,Market capitalization of listed domestic companies (current US$),CM.MKT.LCAP.CD,,,,,,,,,,,,,,,,,,,,,,,,,,,,,,,,,,,,,,,,,,,,,,,,,,,,,,,,,,,,,
"Yemen, Rep.",YEM,Market capitalization of listed domestic companies (current US$),CM.MKT.LCAP.CD,,,,,,,,,,,,,,,,,,,,,,,,,,,,,,,,,,,,,,,,,,,,,,,,,,,,,,,,,,,,,
South Africa,ZAF,Market capitalization of listed domestic companies (current US$),CM.MKT.LCAP.CD,,,,,,,,,,,,,,,,24100740000,19700610000,24066140000,30944810000,44464360000,55829970000,74856260000,77848000000,82756160000,53388340000,55436930000,1.02652E+11,1.38788E+11,1.26189E+11,1.45438E+11,1.36869E+11,1.84705E+11,1.64046E+11,2.17098E+11,2.59523E+11,2.77389E+11,2.41571E+11,2.3004E+11,1.68536E+11,2.59739E+11,2.04301E+11,1.47472E+11,1.81998E+11,2.60748E+11,4.4252E+11,5.4931E+11,7.11232E+11,8.28185E+11,4.827E+11,7.99024E+11,9.25007E+11,7.89037E+11,9.07723E+11,9.42812E+11,9.33931E+11,7.35945E+11,9.5132E+11,1.23098E+12,8.65328E+11,1.05634E+12,1.05153E+12
Zambia,ZMB,Market capitalization of listed domestic companies (current US$),CM.MKT.LCAP.CD,,,,,,,,,,,,,,,,,,,,,,,,,,,,,,,,,,,,427960000,217050000,501770000,285830000,273540000,,300000000,,755650000,1649980000,2516720000,2952560000,,,,,3184470000,,,,,,,,,
Zimbabwe,ZWE,Market capitalization of listed domestic companies (current US$),CM.MKT.LCAP.CD,,,,,,,,,,,,,,,,,,,,,,,,,,,,,,,,,,1437900000,1685100000,2130100000,3633060000,1929160000,956090000,2460690000,,,,,,,,,,,,,,,,,,,,,